model,dataset,config,n,pre_strict,post_strict,delta_strict,ci_lo_strict,ci_hi_strict,n01_strict,n10_strict,mcnemar_p_strict,pre_relaxed,post_relaxed,delta_relaxed,ci_lo_relaxed,ci_hi_relaxed,n01_relaxed,n10_relaxed,mcnemar_p_relaxed,pre_format,post_format,delta_format,ci_lo_format,ci_hi_format,n01_format,n10_format,mcnemar_p_format,pre_tokens,post_tokens,delta_tokens,mcnemar_q_strict,mcnemar_q_relaxed,mcnemar_q_format
Gemma 3 270M,GSM8K,Zero,100,0.0,0.03,0.03,0.0,0.07,3,0,0.25,0.0,0.03,0.03,0.0,0.07,3,0,0.25,0.0,0.81,0.81,0.73,0.88,81,0,8.271806125530277e-25,0.0,107.78,107.78,0.5030487804878049,0.7545731707317073,3.9370615693629686e-24
Gemma 3 270M,GSM8K,CoT,100,0.0,0.05,0.05,0.01,0.1,5,0,0.0625,0.0,0.05,0.05,0.01,0.1,5,0,0.0625,0.0,0.96,0.96,0.92,0.99,96,0,2.524354896707238e-29,0.0,87.54,87.54,0.14732142857142858,0.2838302752293578,1.9524307404220042e-28
Gemma 3 270M,GSM8K,FS0,100,0.0,0.04,0.04,0.01,0.08,4,0,0.125,0.0,0.04,0.04,0.01,0.08,4,0,0.125,0.0,0.87,0.87,0.8,0.93,87,0,1.2924697071141057e-26,0.0,100.32,100.32,0.2725770925110132,0.49107142857142855,7.108583389127582e-26
Gemma 3 270M,GSM8K,FS1,100,0.0,0.02,0.02,0.0,0.05,2,0,0.5,0.0,0.02,0.02,0.0,0.05,2,0,0.5,0.0,0.86,0.86,0.79,0.92,86,0,2.5849394142282115e-26,0.0,110.8,110.8,0.8333333333333334,1.0,1.375854849508564e-25
Gemma 3 270M,GSM8K,FS3,100,0.0,0.02,0.02,0.0,0.05,2,0,0.5,0.0,0.02,0.02,0.0,0.05,2,0,0.5,0.0,0.76,0.76,0.67,0.84,76,0,2.6469779601696886e-23,0.0,120.22,120.22,0.8333333333333334,1.0,1.119875290841022e-22
Gemma 3 270M,GSM8K,FS5,100,0.0,0.01,0.01,0.0,0.03,1,0,1.0,0.0,0.02,0.02,0.0,0.05,2,0,0.5,0.0,0.51,0.51,0.41,0.61,51,0,8.881784197001252e-16,0.0,141.62,141.62,1.0,1.0,2.556094870648616e-15
Gemma 3 270M,GSM8K,SC1,100,0.0,0.04,0.04,0.01,0.08,4,0,0.125,0.0,0.04,0.04,0.01,0.08,4,0,0.125,0.0,0.96,0.96,0.92,0.99,96,0,2.524354896707238e-29,192.0,87.05,-104.95,0.2725770925110132,0.49107142857142855,1.9524307404220042e-28
Gemma 3 270M,GSM8K,SC3,100,0.0,0.02,0.02,0.0,0.05,2,0,0.5,0.0,0.02,0.02,0.0,0.05,2,0,0.5,0.0,1.0,1.0,1.0,1.0,100,0,1.5777218104420236e-30,576.0,274.71,-301.29,0.8333333333333334,1.0,2.0024930670994914e-29
Gemma 3 270M,GSM8K,SC5,100,0.0,0.04,0.04,0.01,0.08,4,0,0.125,0.0,0.04,0.04,0.01,0.08,4,0,0.125,0.0,1.0,1.0,1.0,1.0,100,0,1.5777218104420236e-30,960.0,445.0,-515.0,0.2725770925110132,0.49107142857142855,2.0024930670994914e-29
Gemma 3 270M,StrategyQA,Zero,100,0.0,0.52,0.52,0.42,0.6102499999999963,52,0,4.440892098500626e-16,0.51,0.52,0.01,-0.08,0.1,12,11,1.0,0.0,1.0,1.0,1.0,1.0,100,0,1.5777218104420236e-30,0.0,4.47,4.47,1.4654943925052066e-14,1.0,2.0024930670994914e-29
Gemma 3 270M,StrategyQA,CoT,100,0.0,0.53,0.53,0.43,0.63,53,0,2.220446049250313e-16,0.51,0.55,0.04,-0.07,0.15,18,14,0.5966148958541453,0.0,0.96,0.96,0.92,0.99,96,0,2.524354896707238e-29,0.0,4.65,4.65,9.159339953157541e-15,1.0,1.9524307404220042e-28
Gemma 3 270M,StrategyQA,FS0,100,0.0,0.54,0.54,0.44,0.64,54,0,1.1102230246251565e-16,0.51,0.54,0.03,-0.15,0.21,45,42,0.830373009685754,0.0,1.0,1.0,1.0,1.0,100,0,1.5777218104420236e-30,0.0,4.0,4.0,5.495603971894525e-15,1.0,2.0024930670994914e-29
Gemma 3 270M,StrategyQA,FS1,100,0.0,0.51,0.51,0.41,0.61,51,0,8.881784197001252e-16,0.51,0.51,0.0,-0.16,0.16,35,35,1.0,0.0,1.0,1.0,1.0,1.0,100,0,1.5777218104420236e-30,0.0,4.0,4.0,2.19824158875781e-14,1.0,2.0024930670994914e-29
Gemma 3 270M,StrategyQA,FS3,100,0.0,0.5,0.5,0.4,0.6,50,0,1.7763568394002505e-15,0.51,0.54,0.03,-0.05,0.12,11,8,0.6476058959960938,0.0,0.95,0.95,0.9,0.99,95,0,5.048709793414476e-29,0.0,6.82,6.82,3.517186542012496e-14,1.0,3.6751637466767138e-28
Gemma 3 270M,StrategyQA,FS5,100,0.0,0.53,0.53,0.43,0.63,53,0,2.220446049250313e-16,0.51,0.53,0.02,-0.11,0.16,25,23,0.8854334972865135,0.0,1.0,1.0,1.0,1.0,100,0,1.5777218104420236e-30,0.0,4.0,4.0,9.159339953157541e-15,1.0,2.0024930670994914e-29
Gemma 3 270M,StrategyQA,SC1,100,0.0,0.51,0.51,0.41,0.61,51,0,8.881784197001252e-16,0.51,0.54,0.03,-0.1,0.16,24,21,0.765991824244793,0.0,0.96,0.96,0.92,0.99,96,0,2.524354896707238e-29,48.0,4.07,-43.93,2.19824158875781e-14,1.0,1.9524307404220042e-28
Gemma 3 270M,StrategyQA,SC3,100,0.0,0.51,0.51,0.41,0.61,51,0,8.881784197001252e-16,0.51,0.52,0.01,-0.13,0.16,28,27,1.0,0.0,0.99,0.99,0.97,1.0,99,0,3.1554436208840472e-30,144.0,12.97,-131.03,2.19824158875781e-14,1.0,3.2540512340366737e-29
Gemma 3 270M,StrategyQA,SC5,100,0.0,0.56,0.56,0.46,0.65,56,0,2.7755575615628914e-17,0.51,0.57,0.06,-0.07,0.19,26,20,0.4613911821367651,0.0,0.98,0.98,0.95,1.0,98,0,6.310887241768095e-30,240.0,23.28,-216.72,2.2898349882893854e-15,1.0,5.679798517591285e-29
Gemma 3 270M,LogiQA,Zero,100,0.0,0.26,0.26,0.18,0.35,26,0,2.9802322387695312e-08,0.0,0.27,0.27,0.19,0.36,27,0,1.4901161193847656e-08,0.0,0.92,0.92,0.86,0.97,92,0,4.0389678347315804e-28,0.0,9.17,9.17,1.7773674195071302e-07,7.673145319131436e-07,2.6306435239370164e-27
Gemma 3 270M,LogiQA,CoT,100,0.0,0.21,0.21,0.13,0.29,21,0,9.5367431640625e-07,0.0,0.21,0.21,0.13,0.29,21,0,9.5367431640625e-07,0.0,1.0,1.0,1.0,1.0,100,0,1.5777218104420236e-30,0.0,4.0,4.0,4.3710072835286456e-06,2.1457672119140625e-05,2.0024930670994914e-29
Gemma 3 270M,LogiQA,FS0,100,0.0,0.22,0.22,0.14,0.31,22,0,4.76837158203125e-07,0.0,0.22,0.22,0.14,0.3,22,0,4.76837158203125e-07,0.0,1.0,1.0,1.0,1.0,100,0,1.5777218104420236e-30,0.0,4.0,4.0,2.40851421745456e-06,1.3113021850585938e-05,2.0024930670994914e-29
Gemma 3 270M,LogiQA,FS1,100,0.0,0.17,0.17,0.1,0.25,17,0,1.52587890625e-05,0.0,0.17,0.17,0.1,0.25,17,0,1.52587890625e-05,0.0,1.0,1.0,1.0,1.0,100,0,1.5777218104420236e-30,0.0,4.0,4.0,6.04248046875e-05,0.00024364840599798386,2.0024930670994914e-29
Gemma 3 270M,LogiQA,FS3,100,0.0,0.19,0.19,0.12,0.27,19,0,3.814697265625e-06,0.0,0.21,0.21,0.13,0.29,21,0,9.5367431640625e-07,0.0,0.92,0.92,0.86,0.97,92,0,4.0389678347315804e-28,0.0,4.84,4.84,1.6278234021417027e-05,2.1457672119140625e-05,2.6306435239370164e-27
Gemma 3 270M,LogiQA,FS5,100,0.0,0.06,0.06,0.02,0.11,6,0,0.03125,0.0,0.13,0.13,0.07,0.2,13,0,0.000244140625,0.0,0.46,0.46,0.36,0.56,46,0,2.842170943040401e-14,0.0,96.0,96.0,0.07932692307692307,0.0028773716517857145,7.815970093361102e-14
Gemma 3 270M,LogiQA,SC1,100,0.0,0.26,0.26,0.18,0.35,26,0,2.9802322387695312e-08,0.0,0.26,0.26,0.18,0.35,26,0,2.9802322387695312e-08,0.0,1.0,1.0,1.0,1.0,100,0,1.5777218104420236e-30,98.51,4.0,-94.51,1.7773674195071302e-07,1.134780737069937e-06,2.0024930670994914e-29
Gemma 3 270M,LogiQA,SC3,100,0.0,0.29,0.29,0.2,0.38,29,0,3.725290298461914e-09,0.0,0.29,0.29,0.20975000000000021,0.38,29,0,3.725290298461914e-09,0.0,1.0,1.0,1.0,1.0,100,0,1.5777218104420236e-30,98.65333333333332,4.0,-94.65333333333332,2.526053010600887e-08,2.6343124253409247e-07,2.0024930670994914e-29
Gemma 3 270M,LogiQA,SC5,100,0.0,0.35,0.35,0.26,0.45,35,0,5.820766091346741e-11,0.0,0.35,0.35,0.26,0.45,35,0,5.820766091346741e-11,0.0,1.0,1.0,1.0,1.0,100,0,1.5777218104420236e-30,98.62999999999998,4.0,-94.62999999999998,4.6472245406719944e-10,7.2876105150498915e-09,2.0024930670994914e-29
Gemma 3 270M,MBPP,Zero,100,0.0,0.0,0.0,0.0,0.0,0,0,1.0,0.0,0.0,0.0,0.0,0.0,0,0,1.0,0.0,1.0,1.0,1.0,1.0,100,0,1.5777218104420236e-30,0.0,75.3,75.3,1.0,1.0,2.0024930670994914e-29
Gemma 3 270M,MBPP,CoT,100,0.0,0.0,0.0,0.0,0.0,0,0,1.0,0.0,0.0,0.0,0.0,0.0,0,0,1.0,0.0,1.0,1.0,1.0,1.0,100,0,1.5777218104420236e-30,0.0,85.85,85.85,1.0,1.0,2.0024930670994914e-29
Gemma 3 270M,MBPP,FS0,100,0.0,0.0,0.0,0.0,0.0,0,0,1.0,0.0,0.0,0.0,0.0,0.0,0,0,1.0,0.0,0.91,0.91,0.85,0.96,91,0,8.077935669463161e-28,0.0,96.27,96.27,1.0,1.0,4.936516242449709e-27
Gemma 3 270M,MBPP,FS1,100,0.0,0.0,0.0,0.0,0.0,0,0,1.0,0.0,0.0,0.0,0.0,0.0,0,0,1.0,0.0,1.0,1.0,1.0,1.0,100,0,1.5777218104420236e-30,0.0,123.36,123.36,1.0,1.0,2.0024930670994914e-29
Gemma 3 270M,MBPP,FS3,100,0.0,0.0,0.0,0.0,0.0,0,0,1.0,0.0,0.0,0.0,0.0,0.0,0,0,1.0,0.0,0.92,0.92,0.86,0.97,92,0,4.0389678347315804e-28,0.0,108.39,108.39,1.0,1.0,2.6306435239370164e-27
Gemma 3 270M,MBPP,FS5,100,0.0,0.0,0.0,0.0,0.0,0,0,1.0,0.0,0.0,0.0,0.0,0.0,0,0,1.0,0.0,0.0,0.0,0.0,0.0,0,0,1.0,0.0,384.0,384.0,1.0,1.0,1.0
Gemma 3 270M,MBPP,SC1,100,0.0,0.0,0.0,0.0,0.0,0,0,1.0,0.0,0.0,0.0,0.0,0.0,0,0,1.0,0.0,1.0,1.0,1.0,1.0,100,0,1.5777218104420236e-30,394.89,67.48,-327.41,1.0,1.0,2.0024930670994914e-29
Gemma 3 270M,MBPP,SC3,100,0.0,0.0,0.0,0.0,0.0,0,0,1.0,0.0,0.0,0.0,0.0,0.0,0,0,1.0,0.0,1.0,1.0,1.0,1.0,100,0,1.5777218104420236e-30,394.1233333333333,65.58999999999999,-328.5333333333333,1.0,1.0,2.0024930670994914e-29
Gemma 3 270M,MBPP,SC5,100,0.0,0.0,0.0,0.0,0.0,0,0,1.0,0.0,0.0,0.0,0.0,0.0,0,0,1.0,0.0,1.0,1.0,1.0,1.0,100,0,1.5777218104420236e-30,394.03799999999995,68.68399999999998,-325.35400000000004,1.0,1.0,2.0024930670994914e-29
Gemma 3 1B,GSM8K,Zero,100,0.02,0.05,0.03,-0.01,0.08,4,1,0.375,0.02,0.06,0.04,0.0,0.09,5,1,0.21875,0.4,0.94,0.54,0.43,0.65,57,3,6.253851603243987e-14,7.43,32.44,25.01,0.6978383458646616,0.6985887096774194,1.6916155975987834e-13
Gemma 3 1B,GSM8K,CoT,100,0.19,0.16,-0.03,-0.13,0.07,12,15,0.7011080384254456,0.21,0.16,-0.05,-0.16,0.06,12,17,0.45825831964612007,0.87,0.92,0.05,-0.03,0.14,12,7,0.359283447265625,112.51,105.31,-7.2,1.0,1.0,0.5389251708984375
Gemma 3 1B,GSM8K,FS0,100,0.03,0.13,0.1,0.03,0.17,12,2,0.012939453125,0.07,0.14,0.07,-0.01,0.15,12,5,0.143463134765625,0.33,0.79,0.46,0.35,0.57,49,3,1.042677055806962e-11,127.44,120.47,-6.97,0.03558349609375,0.5339417421728149,2.606692639517405e-11
Gemma 3 1B,GSM8K,FS1,100,0.0,0.02,0.02,0.0,0.05,2,0,0.5,0.01,0.02,0.01,-0.02,0.05,2,1,1.0,0.59,0.99,0.4,0.3,0.5,40,0,1.8189894035458565e-12,83.4,12.25,-71.15,0.8333333333333334,1.0,4.6412358492536025e-12
Gemma 3 1B,GSM8K,FS3,100,0.04,0.12,0.08,0.0,0.16,12,4,0.076812744140625,0.1,0.13,0.03,-0.05,0.11,10,7,0.629058837890625,0.64,0.7,0.06,-0.05,0.17,20,14,0.39152830513194203,103.13,130.81,27.68,0.1802005135052577,1.0,0.5820015346555895
Gemma 3 1B,GSM8K,FS5,100,0.07,0.13,0.06,-0.02,0.14,12,6,0.237884521484375,0.1,0.14,0.04,-0.05,0.13,13,9,0.5234670639038086,0.69,0.73,0.04,-0.06,0.15,16,12,0.5715881884098053,100.2,123.81,23.61,0.4865819757634943,1.0,0.808389009322439
Gemma 3 1B,GSM8K,SC1,100,0.21,0.18,-0.03,-0.14,0.08,14,17,0.720100131817162,0.23,0.18,-0.05,-0.16,0.06,13,18,0.47312965989112854,0.84,0.92,0.08,-0.01,0.17,15,7,0.13380050659179688,118.4,108.35,-10.05,1.0,1.0,0.2095925657055046
Gemma 3 1B,GSM8K,SC3,100,0.22,0.2,-0.02,-0.11,0.07,11,13,0.8388197422027588,0.24,0.2,-0.04,-0.14,0.06,11,15,0.557197093963623,0.92,0.98,0.06,0.0,0.12,8,2,0.109375,340.46,317.97,-22.49,1.0,1.0,0.17635382736156352
Gemma 3 1B,GSM8K,SC5,100,0.25,0.22,-0.03,-0.14,0.08,13,16,0.711071103811264,0.26,0.22,-0.04,-0.15,0.06,13,17,0.5846647117286922,0.93,0.99,0.06,0.01,0.12,7,1,0.0703125,561.51,544.28,-17.23,1.0,1.0,0.11486695544554455
Gemma 3 1B,StrategyQA,Zero,100,0.28,0.55,0.27,0.13,0.41,43,16,0.0005843646280443461,0.59,0.55,-0.04,-0.17,0.09,21,25,0.6587380770236564,0.55,0.99,0.44,0.34,0.54,44,0,1.1368683772161603e-13,4.65,4.62,-0.03,0.0019284032725463422,1.0,3.0255368103333297e-13
Gemma 3 1B,StrategyQA,CoT,100,0.5,0.49,-0.01,-0.13,0.11,18,19,1.0,0.58,0.5,-0.08,-0.2,0.04,16,24,0.26818725105476915,0.89,0.96,0.07,0.01,0.13,9,2,0.0654296875,6.24,11.97,5.73,1.0,0.7808981721888867,0.10724402421357616
Gemma 3 1B,StrategyQA,FS0,100,0.02,0.42,0.4,0.3,0.5,42,2,1.1266365618212149e-10,0.54,0.47,-0.07,-0.19,0.06,17,24,0.34888887944907765,0.03,0.88,0.85,0.77,0.92,86,1,1.137373342260413e-24,23.11,22.62,-0.49,8.852144414309545e-10,0.9137565890332986,5.361902899227661e-24
Gemma 3 1B,StrategyQA,FS1,100,0.18,0.55,0.37,0.26,0.48,41,4,9.334883088740753e-09,0.58,0.55,-0.03,-0.12,0.06,9,12,0.6636238098144531,0.35,1.0,0.65,0.56,0.74,65,0,5.421010862427522e-20,5.47,4.0,-1.47,6.000996271333342e-08,1.0,1.8765037600710654e-19
Gemma 3 1B,StrategyQA,FS3,100,0.11,0.53,0.42,0.31,0.53,46,4,4.461782054931973e-10,0.56,0.56,0.0,-0.13,0.13,23,23,1.0,0.2,0.96,0.76,0.67,0.84,77,1,5.227781471335135e-22,5.65,7.74,2.09,3.200843648103372e-09,1.0,2.0702014626487133e-21
Gemma 3 1B,StrategyQA,FS5,100,0.21,0.56,0.35,0.23,0.46,41,6,1.7716986633331544e-07,0.56,0.56,0.0,-0.1,0.11,14,14,1.0,0.39,1.0,0.61,0.51,0.71,61,0,8.673617379884035e-19,3.53,4.0,0.47,9.853829644381028e-07,1.0,2.8622937353617316e-18
Gemma 3 1B,StrategyQA,SC1,100,0.49,0.52,0.03,-0.1,0.16,24,21,0.765991824244793,0.56,0.55,-0.01,-0.14,0.12,22,23,1.0,0.9,0.93,0.03,-0.04,0.1,8,5,0.5810546875,6.15,14.37,8.22,1.0,1.0,0.8194360977564102
Gemma 3 1B,StrategyQA,SC3,100,0.54,0.5,-0.04,-0.16,0.08,17,21,0.6271025701571489,0.58,0.5,-0.08,-0.2,0.04,15,23,0.2558750795433298,0.96,1.0,0.04,0.01,0.08,4,0,0.125,18.95,47.32,28.37,0.9792295653873461,0.7676252386299893,0.19642857142857142
Gemma 3 1B,StrategyQA,SC5,100,0.52,0.53,0.01,-0.11,0.13,20,19,1.0,0.56,0.53,-0.03,-0.16,0.09,19,22,0.755228657504631,0.95,1.0,0.05,0.01,0.1,5,0,0.0625,32.85,76.93,44.08,1.0,1.0,0.10278239202657807
Gemma 3 1B,LogiQA,Zero,100,0.0,0.3,0.3,0.22,0.39,30,0,1.862645149230957e-09,0.25,0.3,0.05,-0.07,0.16,20,15,0.4995598332025112,0.0,1.0,1.0,1.0,1.0,100,0,1.5777218104420236e-30,6.24,4.0,-2.24,1.280568540096283e-08,1.0,2.0024930670994914e-29
Gemma 3 1B,LogiQA,CoT,100,0.27,0.27,0.0,-0.11,0.1,14,14,1.0,0.28,0.27,-0.01,-0.11,0.09,13,14,1.0,0.94,1.0,0.06,0.02,0.11,6,0,0.03125,26.85,4.0,-22.85,1.0,1.0,0.052614795918367346
Gemma 3 1B,LogiQA,FS0,100,0.03,0.27,0.24,0.15,0.33,25,1,8.046627044677734e-07,0.31,0.27,-0.04,-0.14,0.06,12,16,0.5715881884098053,0.07,1.0,0.93,0.88,0.98,93,0,2.0194839173657902e-28,18.85,4.0,-14.85,3.793409892490932e-06,1.0,1.3883951931889808e-27
Gemma 3 1B,LogiQA,FS1,100,0.07,0.36,0.29,0.2,0.39,31,2,1.3085082173347473e-07,0.32,0.36,0.04,-0.05,0.13,14,10,0.5412561893463135,0.23,1.0,0.77,0.69,0.85,77,0,1.3234889800848443e-23,6.82,5.12,-1.7,7.360358722507954e-07,1.0,5.746728466157876e-23
Gemma 3 1B,LogiQA,FS3,100,0.18,0.31,0.13,0.02,0.24,22,9,0.029449373483657837,0.31,0.31,0.0,-0.1,0.1,13,13,1.0,0.41,0.98,0.57,0.46,0.67,59,2,1.6410484082740595e-15,28.39,4.21,-24.18,0.07672336776005595,1.0,4.6684997821589625e-15
Gemma 3 1B,LogiQA,FS5,100,0.28,0.26,-0.02,-0.15,0.11,21,23,0.880395821280672,0.35,0.27,-0.08,-0.21,0.05,19,27,0.3019956131896606,0.82,0.94,0.12,0.03,0.21,17,5,0.01690053939819336,21.05,10.95,-10.1,1.0,0.8398192613982135,0.029047802090644836
Gemma 3 1B,LogiQA,SC1,100,0.26,0.2,-0.06,-0.17,0.05,13,19,0.37708558747544885,0.28,0.2,-0.08,-0.19,0.03,12,20,0.21532714972272515,0.93,1.0,0.07,0.02,0.12,7,0,0.015625,27.29,4.0,-23.29,0.6990912576792029,0.6921229812516165,0.02694904181184669
Gemma 3 1B,LogiQA,SC3,100,0.26,0.32,0.06,-0.06,0.18,21,15,0.4050322461407632,0.27,0.32,0.05,-0.07,0.17,21,16,0.5113757815852296,0.97,1.0,0.03,0.0,0.07,3,0,0.25,80.85,12.06,-68.79,0.7343991276178674,1.0,0.37844036697247707
Gemma 3 1B,LogiQA,SC5,100,0.26,0.22,-0.04,-0.14,0.06,11,15,0.557197093963623,0.27,0.22,-0.05,-0.15,0.05,11,16,0.44206833839416504,0.96,1.0,0.04,0.01,0.08,4,0,0.125,134.49,20.07,-114.42,0.9043034803671915,1.0,0.19642857142857142
Gemma 3 1B,MBPP,Zero,100,0.03,0.02,-0.01,-0.05,0.03,2,3,1.0,0.03,0.02,-0.01,-0.05,0.03,2,3,1.0,0.96,1.0,0.04,0.01,0.08,4,0,0.125,138.24,66.96,-71.28,1.0,1.0,0.19642857142857142
Gemma 3 1B,MBPP,CoT,100,0.03,0.02,-0.01,-0.05,0.03,2,3,1.0,0.03,0.02,-0.01,-0.06,0.03,2,3,1.0,0.98,1.0,0.02,0.0,0.05,2,0,0.5,95.86,65.43,-30.43,1.0,1.0,0.7112068965517241
Gemma 3 1B,MBPP,FS0,100,0.03,0.01,-0.02,-0.06,0.02,1,3,0.625,0.03,0.01,-0.02,-0.06,0.02,1,3,0.625,0.96,1.0,0.04,0.01,0.08,4,0,0.125,182.22,70.98,-111.24,0.9792295653873461,1.0,0.19642857142857142
Gemma 3 1B,MBPP,FS1,100,0.01,0.0,-0.01,-0.03,0.0,0,1,1.0,0.01,0.0,-0.01,-0.03,0.0,0,1,1.0,0.96,0.99,0.03,-0.01,0.08,4,1,0.375,86.07,73.87,-12.2,1.0,1.0,0.5591114457831325
Gemma 3 1B,MBPP,FS3,100,0.01,0.01,0.0,-0.03,0.03,1,1,1.0,0.01,0.01,0.0,-0.03,0.03,1,1,1.0,0.96,0.93,-0.03,-0.1,0.03,4,7,0.548828125,92.26,64.87,-27.39,1.0,1.0,0.7784238449140402
Gemma 3 1B,MBPP,FS5,100,0.02,0.02,0.0,-0.03,0.03,1,1,1.0,0.02,0.02,0.0,-0.03,0.03,1,1,1.0,0.99,0.98,-0.01,-0.05,0.02,1,2,1.0,96.87,77.34,-19.53,1.0,1.0,1.0
Gemma 3 1B,MBPP,SC1,100,0.04,0.01,-0.03,-0.08,0.01,1,4,0.375,0.04,0.01,-0.03,-0.08,0.01,1,4,0.375,0.97,0.99,0.02,-0.02,0.06,3,1,0.625,95.06,68.81,-26.25,0.6978383458646616,0.942258883248731,0.8764164305949008
Gemma 3 1B,MBPP,SC3,100,0.04,0.03,-0.01,-0.06,0.03,2,3,1.0,0.04,0.03,-0.01,-0.06,0.03,2,3,1.0,0.98,1.0,0.02,0.0,0.05,2,0,0.5,294.95,206.94,-88.01,1.0,1.0,0.7112068965517241
Gemma 3 1B,MBPP,SC5,100,0.05,0.06,0.01,-0.03,0.05,3,2,1.0,0.05,0.06,0.01,-0.03,0.05,3,2,1.0,0.99,0.99,0.0,-0.03,0.03,1,1,1.0,490.25,347.49,-142.76,1.0,1.0,1.0
Llama 3 8B,GSM8K,Zero,100,0.2,0.68,0.48,0.37,0.59,51,3,2.9187763317395365e-12,0.21,0.68,0.47,0.36,0.58,51,4,2.0474233419776056e-11,0.99,0.89,-0.1,-0.17,-0.04,1,11,0.00634765625,9.46,91.67,82.21,2.8329299690413148e-11,5.067372771394574e-09,0.011467481181569343
Llama 3 8B,GSM8K,CoT,100,0.68,0.62,-0.06,-0.15,0.02,7,13,0.26317596435546875,0.7,0.64,-0.06,-0.15,0.03,7,13,0.26317596435546875,0.89,0.89,0.0,-0.07,0.07,6,6,1.0,101.22,97.0,-4.22,0.5252907353062783,0.7759810280958577,1.0
Llama 3 8B,GSM8K,FS0,100,0.34,0.64,0.3,0.2,0.41,34,4,6.038535502739251e-07,0.4,0.65,0.25,0.14,0.36,30,5,2.2361520677804947e-05,0.5,0.89,0.39,0.28,0.5,43,4,2.781192165457469e-09,141.19,97.11,-44.08,2.989075073855929e-06,0.0003354228101670742,6.781724738430774e-09
Llama 3 8B,GSM8K,FS1,100,0.18,0.58,0.4,0.28,0.52,47,7,2.291864209524874e-08,0.28,0.58,0.3,0.17,0.43,41,11,3.5887916129517805e-05,0.32,0.91,0.59,0.49,0.69,59,0,3.469446951953614e-18,148.24,95.17,-53.07,1.4180909796435157e-07,0.0005224858377679798,1.1079846717529283e-17
Llama 3 8B,GSM8K,FS3,100,0.33,0.65,0.32,0.21,0.44,38,6,9.430375484953402e-07,0.48,0.66,0.18,0.07,0.29,27,9,0.00393317302223295,0.39,0.93,0.54,0.44,0.64,55,1,1.582067810090848e-15,141.59,97.42,-44.17,4.362650341170032e-06,0.0319167319017264,4.526725814999826e-15
Llama 3 8B,GSM8K,FS5,100,0.44,0.59,0.15,0.03,0.26,26,11,0.020073851919732988,0.65,0.6,-0.05,-0.16,0.07,15,20,0.4995598332025112,0.49,0.92,0.43,0.32,0.54,46,3,6.981082378842984e-11,134.17,95.6,-38.57,0.05313666684635203,1.0,1.7278178887636386e-10
Llama 3 8B,GSM8K,SC1,100,0.62,0.5,-0.12,-0.23,-0.01,11,23,0.05761267291381955,0.65,0.51,-0.14,-0.25,-0.03,9,23,0.020061607006937265,0.91,0.88,-0.03,-0.11,0.04,6,9,0.6072387695312499,101.17,98.09,-3.08,0.13776943522869892,0.12259870948683885,0.8539295196533202
Llama 3 8B,GSM8K,SC3,100,0.69,0.63,-0.06,-0.16,0.03,9,15,0.30745625495910645,0.69,0.63,-0.06,-0.16,0.04,9,15,0.30745625495910645,0.99,1.0,0.01,0.0,0.03,1,0,1.0,310.79,300.6,-10.19,0.5944954929873347,0.8455047011375427,1.0
Llama 3 8B,GSM8K,SC5,100,0.76,0.71,-0.05,-0.15,0.06,12,17,0.45825831964612007,0.76,0.71,-0.05,-0.15,0.05,12,17,0.45825831964612007,1.0,1.0,0.0,0.0,0.0,0,0,1.0,516.24,494.52,-21.72,0.7987248881155966,1.0,1.0
Llama 3 8B,StrategyQA,Zero,100,0.64,0.68,0.04,-0.07,0.15,18,14,0.5966148958541453,0.64,0.68,0.04,-0.07,0.15,18,14,0.5966148958541453,1.0,1.0,0.0,0.0,0.0,0,0,1.0,4.0,4.0,0.0,0.949596056102257,1.0,1.0
Llama 3 8B,StrategyQA,CoT,100,0.69,0.68,-0.01,-0.11,0.09,13,14,1.0,0.7,0.68,-0.02,-0.12,0.08,12,14,0.8450189828872681,0.99,1.0,0.01,0.0,0.03,1,0,1.0,6.34,4.0,-2.34,1.0,1.0,1.0
Llama 3 8B,StrategyQA,FS0,100,0.61,0.65,0.04,-0.07,0.15,18,14,0.5966148958541453,0.61,0.65,0.04,-0.07,0.15,18,14,0.5966148958541453,0.98,1.0,0.02,0.0,0.05,2,0,0.5,4.39,4.0,-0.39,0.949596056102257,1.0,0.7112068965517241
Llama 3 8B,StrategyQA,FS1,100,0.58,0.65,0.07,-0.02,0.16,15,8,0.21003961563110352,0.58,0.65,0.07,-0.02,0.16,15,8,0.21003961563110352,0.99,1.0,0.01,0.0,0.03,1,0,1.0,5.47,4.0,-1.47,0.4386903364447099,0.6921229812516165,1.0
Llama 3 8B,StrategyQA,FS3,100,0.64,0.69,0.05,-0.06,0.15,17,12,0.45825831964612007,0.64,0.69,0.05,-0.05,0.16,17,12,0.45825831964612007,1.0,1.0,0.0,0.0,0.0,0,0,1.0,4.17,4.0,-0.17,0.7987248881155966,1.0,1.0
Llama 3 8B,StrategyQA,FS5,100,0.63,0.65,0.02,-0.08,0.12,15,13,0.8505540192127228,0.63,0.65,0.02,-0.08,0.12,15,13,0.8505540192127228,1.0,1.0,0.0,0.0,0.0,0,0,1.0,4.17,4.0,-0.17,1.0,1.0,1.0
Llama 3 8B,StrategyQA,SC1,100,0.65,0.66,0.01,-0.1,0.12,17,16,1.0,0.66,0.66,0.0,-0.11,0.11,16,16,1.0,0.99,1.0,0.01,0.0,0.03,1,0,1.0,6.62,4.3,-2.32,1.0,1.0,1.0
Llama 3 8B,StrategyQA,SC3,100,0.72,0.66,-0.06,-0.17,0.05,14,20,0.39152830513194203,0.72,0.66,-0.06,-0.18,0.05,14,20,0.39152830513194203,1.0,1.0,0.0,0.0,0.0,0,0,1.0,20.37,13.93,-6.44,0.7231586232847437,0.9594381734668876,1.0
Llama 3 8B,StrategyQA,SC5,100,0.73,0.68,-0.05,-0.15,0.05,12,17,0.45825831964612007,0.73,0.68,-0.05,-0.16,0.06,12,17,0.45825831964612007,1.0,1.0,0.0,0.0,0.0,0,0,1.0,35.55,23.25,-12.3,0.7987248881155966,1.0,1.0
Llama 3 8B,LogiQA,Zero,100,0.34,0.44,0.1,-0.01,0.21,20,10,0.09873714670538905,0.34,0.44,0.1,0.0,0.21,20,10,0.09873714670538905,1.0,1.0,0.0,0.0,0.0,0,0,1.0,4.0,4.0,0.0,0.2273250586938027,0.41773408221510755,1.0
Llama 3 8B,LogiQA,CoT,100,0.36,0.45,0.09,-0.01,0.19,17,8,0.10775214433670044,0.36,0.45,0.09,-0.01,0.19,17,8,0.10775214433670044,1.0,1.0,0.0,0.0,0.0,0,0,1.0,4.05,4.0,-0.05,0.24552231924769896,0.4482127012324934,1.0
Llama 3 8B,LogiQA,FS0,100,0.33,0.38,0.05,-0.05,0.15,15,10,0.42435622215270996,0.33,0.38,0.05,-0.05,0.15,15,10,0.42435622215270996,1.0,1.0,0.0,0.0,0.0,0,0,1.0,5.76,4.0,-1.76,0.7610736592956211,1.0,1.0
Llama 3 8B,LogiQA,FS1,100,0.1,0.33,0.23,0.13,0.33,28,5,6.618769839406013e-05,0.26,0.33,0.07,-0.03,0.18,18,11,0.26493089646101,0.38,1.0,0.62,0.52,0.71,62,0,4.336808689942018e-19,63.58,4.0,-59.58,0.00024633767447413356,0.7759810280958577,1.4504866902170938e-18
Llama 3 8B,LogiQA,FS3,100,0.18,0.37,0.19,0.08,0.3,28,9,0.0025632079923525453,0.25,0.37,0.12,0.0,0.24,25,13,0.07295138851623051,0.55,1.0,0.45,0.35,0.55,45,0,5.684341886080802e-14,77.88,4.0,-73.88,0.007825336573314082,0.32532375959940635,1.5460160624230752e-13
Llama 3 8B,LogiQA,FS5,100,0.4,0.4,0.0,0.0,0.0,0,0,1.0,0.4,0.4,0.0,0.0,0.0,0,0,1.0,1.0,1.0,0.0,0.0,0.0,0,0,1.0,6.0,6.0,0.0,1.0,1.0,1.0
Llama 3 8B,LogiQA,SC1,100,0.34,0.37,0.03,-0.07,0.13,14,11,0.6900379657745361,0.34,0.37,0.03,-0.07,0.13,14,11,0.6900379657745361,0.97,1.0,0.03,0.0,0.07,3,0,0.25,12.51,4.44,-8.07,1.0,1.0,0.37844036697247707
Llama 3 8B,LogiQA,SC3,100,0.37,0.45,0.08,-0.02,0.18,18,10,0.1849333420395851,0.37,0.45,0.08,-0.02,0.18,18,10,0.1849333420395851,1.0,1.0,0.0,0.0,0.0,0,0,1.0,27.64,12.95,-14.69,0.3912051466221993,0.6372607484155771,1.0
Llama 3 8B,LogiQA,SC5,100,0.36,0.38,0.02,-0.08,0.12,14,12,0.8450189828872681,0.36,0.38,0.02,-0.08,0.12,14,12,0.8450189828872681,1.0,1.0,0.0,0.0,0.0,0,0,1.0,50.35,21.15,-29.2,1.0,1.0,1.0
Llama 3 8B,MBPP,Zero,100,0.0,0.01,0.01,0.0,0.03,1,0,1.0,0.0,0.01,0.01,0.0,0.03,1,0,1.0,0.98,1.0,0.02,0.0,0.05,2,0,0.5,46.19,56.97,10.78,1.0,1.0,0.7112068965517241
Llama 3 8B,MBPP,CoT,100,0.0,0.01,0.01,0.0,0.03,1,0,1.0,0.0,0.01,0.01,0.0,0.03,1,0,1.0,0.98,1.0,0.02,0.0,0.05,2,0,0.5,47.79,58.06,10.27,1.0,1.0,0.7112068965517241
Llama 3 8B,MBPP,FS0,100,0.0,0.0,0.0,0.0,0.0,0,0,1.0,0.0,0.01,0.01,0.0,0.03,1,0,1.0,0.0,0.07,0.07,0.02,0.12,7,0,0.015625,45.71,69.05,23.34,1.0,1.0,0.02694904181184669
Llama 3 8B,MBPP,FS1,100,0.0,0.0,0.0,0.0,0.0,0,0,1.0,0.0,0.01,0.01,0.0,0.03,1,0,1.0,0.0,0.0,0.0,0.0,0.0,0,0,1.0,106.67,57.43,-49.24,1.0,1.0,1.0
Llama 3 8B,MBPP,FS3,100,0.0,0.0,0.0,0.0,0.0,0,0,1.0,0.0,0.0,0.0,0.0,0.0,0,0,1.0,0.0,0.0,0.0,0.0,0.0,0,0,1.0,117.17,36.28,-80.89,1.0,1.0,1.0
Llama 3 8B,MBPP,FS5,100,0.0,0.0,0.0,0.0,0.0,0,0,1.0,0.0,0.0,0.0,0.0,0.0,0,0,1.0,0.0,0.0,0.0,0.0,0.0,0,0,1.0,117.0,23.12,-93.88,1.0,1.0,1.0
Llama 3 8B,MBPP,SC1,100,0.0,0.01,0.01,0.0,0.03,1,0,1.0,0.0,0.01,0.01,0.0,0.03,1,0,1.0,1.0,1.0,0.0,0.0,0.0,0,0,1.0,53.24,58.45,5.21,1.0,1.0,1.0
Llama 3 8B,MBPP,SC3,100,0.0,0.0,0.0,0.0,0.0,0,0,1.0,0.0,0.0,0.0,0.0,0.0,0,0,1.0,1.0,1.0,0.0,0.0,0.0,0,0,1.0,147.69,175.48,27.79,1.0,1.0,1.0
Llama 3 8B,MBPP,SC5,100,0.0,0.01,0.01,0.0,0.03,1,0,1.0,0.0,0.01,0.01,0.0,0.03,1,0,1.0,1.0,1.0,0.0,0.0,0.0,0,0,1.0,254.32,294.83,40.51,1.0,1.0,1.0
Llama 3.1 8B,GSM8K,Zero,100,0.57,0.62,0.05,-0.06,0.17,20,15,0.4995598332025112,0.63,0.64,0.01,-0.1,0.12,18,17,1.0,0.62,0.9,0.28,0.18,0.38,30,2,2.4633482098579407e-07,133.54,86.76,-46.78,0.8333333333333334,1.0,5.49260073819676e-07
Llama 3.1 8B,GSM8K,CoT,100,0.57,0.71,0.14,0.04,0.24,21,7,0.012540951371192932,0.57,0.71,0.14,0.04,0.24,21,7,0.012540951371192932,0.92,0.92,0.0,-0.06,0.06,5,5,1.0,86.35,94.49,8.14,0.03468028451810336,0.08062040167195457,1.0
Llama 3.1 8B,GSM8K,FS0,100,0.2,0.56,0.36,0.26,0.46,38,2,1.4933903003111482e-09,0.26,0.57,0.31,0.2,0.42,36,5,7.84157236921601e-07,0.24,0.9,0.66,0.57,0.75,66,0,2.710505431213761e-20,151.37,87.66,-63.71,1.0411664769774906e-08,1.9407891613809625e-05,9.652519341372746e-20
Llama 3.1 8B,GSM8K,FS1,100,0.49,0.66,0.17,0.06,0.28,24,7,0.003326892852783203,0.53,0.66,0.13,0.03,0.24,22,9,0.029449373483657837,0.55,0.93,0.38,0.28,0.48,39,1,7.457856554538012e-11,132.92,90.85,-42.07,0.009920553988720998,0.16565272584557533,1.836636315669809e-10
Llama 3.1 8B,GSM8K,FS3,100,0.54,0.71,0.17,0.07,0.27,24,7,0.003326892852783203,0.57,0.72,0.15,0.05,0.25,23,8,0.010673840530216694,0.57,0.94,0.37,0.27,0.47,38,1,1.4551915228366852e-10,136.17,94.91,-41.26,0.009920553988720998,0.07338265364523977,3.5659396227928673e-10
Llama 3.1 8B,GSM8K,FS5,100,0.52,0.67,0.15,0.04,0.26,24,9,0.013530986849218607,0.6,0.68,0.08,-0.02,0.18,18,10,0.1849333420395851,0.58,0.96,0.38,0.29,0.47,38,0,7.275957614183426e-12,136.14,93.74,-42.4,0.037004632543443154,0.6372607484155771,1.82822285229482e-11
Llama 3.1 8B,GSM8K,SC1,100,0.51,0.62,0.11,-0.01,0.23,25,14,0.10812902140605732,0.55,0.62,0.07,-0.05,0.19,23,16,0.3367836351899315,0.87,0.92,0.05,-0.02,0.12,9,4,0.266845703125,94.81,95.7,0.89,0.24552231924769896,0.9011237806433302,0.4027092166063262
Llama 3.1 8B,GSM8K,SC3,100,0.5,0.74,0.24,0.13,0.35,30,6,6.960169412195683e-05,0.51,0.75,0.24,0.13,0.35,30,6,6.960169412195683e-05,0.99,0.99,0.0,-0.03,0.03,1,1,1.0,281.62,288.64,7.02,0.0002533296955174164,0.0008834061177017597,1.0
Llama 3.1 8B,GSM8K,SC5,100,0.68,0.76,0.08,-0.01,0.18,16,8,0.15158963203430176,0.68,0.76,0.08,-0.02,0.18,16,8,0.15158963203430176,1.0,0.99,-0.01,-0.03,0.0,0,1,1.0,483.74,482.44,-1.3,0.3262472515520842,0.5558286507924398,1.0
Llama 3.1 8B,StrategyQA,Zero,100,0.65,0.73,0.08,-0.03,0.19,20,12,0.21532714972272515,0.65,0.73,0.08,-0.03,0.19,20,12,0.21532714972272515,0.99,1.0,0.01,0.0,0.03,1,0,1.0,4.36,4.0,-0.36,0.44411224630312063,0.6921229812516165,1.0
Llama 3.1 8B,StrategyQA,CoT,100,0.39,0.75,0.36,0.26,0.47,39,3,5.631591193377972e-09,0.43,0.75,0.32,0.22,0.43,35,3,6.677873898297548e-08,0.54,1.0,0.46,0.36,0.56,46,0,2.842170943040401e-14,35.39,4.0,-31.39,3.716850187629461e-08,2.203698386438191e-06,7.815970093361102e-14
Llama 3.1 8B,StrategyQA,FS0,100,0.52,0.7,0.18,0.07,0.3,27,9,0.00393317302223295,0.52,0.7,0.18,0.07,0.29,27,9,0.00393317302223295,0.83,1.0,0.17,0.1,0.25,17,0,1.52587890625e-05,16.42,4.0,-12.42,0.01152024050890716,0.0319167319017264,3.108271846064815e-05
Llama 3.1 8B,StrategyQA,FS1,100,0.5,0.74,0.24,0.13,0.35,30,6,6.960169412195683e-05,0.56,0.74,0.18,0.08,0.28,24,6,0.0014309063553810122,0.75,1.0,0.25,0.17,0.34,25,0,5.960464477539063e-08,17.36,4.0,-13.36,0.0002533296955174164,0.014455074406400021,1.3851783644985145e-07
Llama 3.1 8B,StrategyQA,FS3,100,0.56,0.71,0.15,0.07,0.24,18,3,0.0014896392822265625,0.61,0.71,0.1,0.02,0.19,15,5,0.04138946533203125,0.76,1.0,0.24,0.16,0.33,24,0,1.1920928955078125e-07,16.96,4.0,-12.96,0.004696633405746168,0.21566089830900492,2.7318795522054035e-07
Llama 3.1 8B,StrategyQA,FS5,100,0.41,0.71,0.3,0.19,0.41,34,4,6.038535502739251e-07,0.47,0.71,0.24,0.14,0.34,29,5,3.8558151572942734e-05,0.62,1.0,0.38,0.29,0.48,38,0,7.275957614183426e-12,22.32,4.0,-18.32,2.989075073855929e-06,0.0005453224293887615,1.82822285229482e-11
Llama 3.1 8B,StrategyQA,SC1,100,0.29,0.75,0.46,0.35,0.57,49,3,1.042677055806962e-11,0.37,0.75,0.38,0.27,0.49,42,4,5.100190492157708e-09,0.4,0.99,0.59,0.49,0.68,59,0,3.469446951953614e-18,37.19,4.0,-33.19,9.384093502262658e-11,3.155742867022582e-07,1.1079846717529283e-17
Llama 3.1 8B,StrategyQA,SC3,100,0.34,0.76,0.42,0.31,0.52,44,2,3.0752289603697136e-11,0.35,0.76,0.41,0.31,0.52,43,2,5.88897819397971e-11,0.74,1.0,0.26,0.18,0.35,26,0,2.9802322387695312e-08,110.37,12.0,-98.37,2.5370638923050137e-10,7.2876105150498915e-09,6.991540086212882e-08
Llama 3.1 8B,StrategyQA,SC5,100,0.41,0.77,0.36,0.25,0.47,40,4,1.7051434042514302e-08,0.41,0.77,0.36,0.25,0.47,40,4,1.7051434042514302e-08,0.87,1.0,0.13,0.07,0.2,13,0,0.000244140625,183.3,20.0,-163.3,1.0684126393727316e-07,7.673145319131436e-07,0.0004757858636811024
Llama 3.1 8B,LogiQA,Zero,100,0.42,0.48,0.06,-0.04,0.16,17,11,0.34492845088243484,0.42,0.48,0.06,-0.04,0.16,17,11,0.34492845088243484,1.0,1.0,0.0,0.0,0.0,0,0,1.0,5.0,5.0,0.0,0.6516777984229208,0.9081892722702407,1.0
Llama 3.1 8B,LogiQA,CoT,100,0.13,0.44,0.31,0.2,0.42,36,5,7.84157236921601e-07,0.3,0.44,0.14,0.01,0.26,28,14,0.04355852192384191,0.26,1.0,0.74,0.65,0.82,74,0,1.0587911840678754e-22,87.43,5.0,-82.43,3.7322868488095432e-06,0.22228317888970872,4.331418480277672e-22
Llama 3.1 8B,LogiQA,FS0,100,0.26,0.42,0.16,0.06,0.26,23,7,0.005222879350185395,0.32,0.42,0.1,-0.01,0.21,21,11,0.11018416518345475,0.55,1.0,0.45,0.35,0.55,45,0,5.684341886080802e-14,53.6,5.0,-48.6,0.01503096092059169,0.45450968138175085,1.5460160624230752e-13
Llama 3.1 8B,LogiQA,FS1,100,0.13,0.4,0.27,0.18,0.37,29,2,4.628673195838928e-07,0.31,0.4,0.09,-0.03,0.21,23,14,0.18774155899882317,0.23,1.0,0.77,0.69,0.85,77,0,1.3234889800848443e-23,85.28,5.0,-80.28,2.3620548782889376e-06,0.6372607484155771,5.746728466157876e-23
Llama 3.1 8B,LogiQA,FS3,100,0.13,0.42,0.29,0.2,0.39,31,2,1.3085082173347473e-07,0.25,0.42,0.17,0.05,0.29,28,11,0.009475304279476404,0.34,1.0,0.66,0.57,0.75,66,0,2.710505431213761e-20,69.56,5.0,-64.56,7.360358722507954e-07,0.06700393740486886,9.652519341372746e-20
Llama 3.1 8B,LogiQA,FS5,100,0.22,0.21,-0.01,-0.11,0.09,13,14,1.0,0.28,0.23,-0.05,-0.15,0.05,11,16,0.44206833839416504,0.66,0.75,0.09,0.0,0.18,16,7,0.0931396484375,67.12,48.66,-18.46,1.0,1.0,0.15116106877561475
Llama 3.1 8B,LogiQA,SC1,100,0.16,0.45,0.29,0.19,0.39,31,2,1.3085082173347473e-07,0.29,0.45,0.16,0.05,0.27,26,10,0.011330984183587134,0.31,1.0,0.69,0.6,0.78,69,0,3.3881317890172014e-21,83.66,5.0,-78.66,7.360358722507954e-07,0.07593294271898869,1.2802482714225303e-20
Llama 3.1 8B,LogiQA,SC3,100,0.15,0.46,0.31,0.2,0.42,36,5,7.84157236921601e-07,0.28,0.46,0.18,0.05,0.31,32,14,0.011351591436778108,0.46,1.0,0.54,0.44,0.63,54,0,1.1102230246251565e-16,258.5,15.0,-243.5,3.7322868488095432e-06,0.07593294271898869,3.271192840413408e-16
Llama 3.1 8B,LogiQA,SC5,100,0.17,0.44,0.27,0.17,0.37,31,4,3.4654513001441956e-06,0.23,0.44,0.21,0.1,0.33,29,8,0.0007528970600105822,0.57,1.0,0.43,0.34,0.53,43,0,2.2737367544323206e-13,429.07,25.0,-404.07,1.4916507770185886e-05,0.007764250931359129,5.986700497042546e-13
Llama 3.1 8B,MBPP,Zero,100,0.0,0.0,0.0,0.0,0.0,0,0,1.0,0.0,0.0,0.0,0.0,0.0,0,0,1.0,0.91,1.0,0.09,0.04,0.15,9,0,0.00390625,135.04,61.76,-73.28,1.0,1.0,0.007108800551470588
Llama 3.1 8B,MBPP,CoT,100,0.0,0.0,0.0,0.0,0.0,0,0,1.0,0.0,0.0,0.0,0.0,0.0,0,0,1.0,0.83,1.0,0.17,0.1,0.25,17,0,1.52587890625e-05,227.96,62.66,-165.3,1.0,1.0,3.108271846064815e-05
Llama 3.1 8B,MBPP,FS0,100,0.0,0.0,0.0,0.0,0.0,0,0,1.0,0.0,0.0,0.0,0.0,0.0,0,0,1.0,1.0,1.0,0.0,0.0,0.0,0,0,1.0,141.4,125.09,-16.31,1.0,1.0,1.0
Llama 3.1 8B,MBPP,FS1,100,0.0,0.0,0.0,0.0,0.0,0,0,1.0,0.0,0.0,0.0,0.0,0.0,0,0,1.0,1.0,1.0,0.0,0.0,0.0,0,0,1.0,62.4,67.48,5.08,1.0,1.0,1.0
Llama 3.1 8B,MBPP,FS3,100,0.0,0.0,0.0,0.0,0.0,0,0,1.0,0.0,0.0,0.0,0.0,0.0,0,0,1.0,0.99,1.0,0.01,0.0,0.03,1,0,1.0,61.22,62.81,1.59,1.0,1.0,1.0
Llama 3.1 8B,MBPP,FS5,100,0.0,0.0,0.0,0.0,0.0,0,0,1.0,0.0,0.0,0.0,0.0,0.0,0,0,1.0,0.99,1.0,0.01,0.0,0.03,1,0,1.0,60.2,70.26,10.06,1.0,1.0,1.0
Llama 3.1 8B,MBPP,SC1,100,0.0,0.01,0.01,0.0,0.03,1,0,1.0,0.0,0.01,0.01,0.0,0.03,1,0,1.0,0.79,1.0,0.21,0.13,0.29,21,0,9.5367431640625e-07,226.78,66.71,-160.07,1.0,1.0,2.0795981789475494e-06
Llama 3.1 8B,MBPP,SC3,100,0.0,0.0,0.0,0.0,0.0,0,0,1.0,0.0,0.0,0.0,0.0,0.0,0,0,1.0,0.96,1.0,0.04,0.01,0.08,4,0,0.125,679.33,192.61,-486.72,1.0,1.0,0.19642857142857142
Llama 3.1 8B,MBPP,SC5,100,0.0,0.01,0.01,0.0,0.03,1,0,1.0,0.0,0.01,0.01,0.0,0.03,1,0,1.0,0.98,1.0,0.02,0.0,0.05,2,0,0.5,1137.51,322.05,-815.46,1.0,1.0,0.7112068965517241
Llama 3.2 1B,GSM8K,Zero,100,0.01,0.02,0.01,-0.02,0.05,2,1,1.0,0.3,0.02,-0.28,-0.38,-0.19,2,30,2.4633482098579407e-07,0.05,0.99,0.94,0.89,0.98,94,0,1.0097419586828951e-28,122.55,15.17,-107.38,1.0,7.620983524248004e-06,7.140318136400472e-28
Llama 3.2 1B,GSM8K,CoT,100,0.16,0.25,0.09,0.0,0.19,17,8,0.10775214433670044,0.16,0.25,0.09,0.0,0.19,17,8,0.10775214433670044,0.98,0.98,0.0,-0.04,0.04,2,2,1.0,65.66,82.24,16.58,0.24552231924769896,0.4482127012324934,1.0
Llama 3.2 1B,GSM8K,FS0,100,0.0,0.06,0.06,0.02,0.11,6,0,0.03125,0.22,0.07,-0.15,-0.25,-0.06,5,20,0.004077315330505371,0.0,0.96,0.96,0.92,0.99,96,0,2.524354896707238e-29,143.67,27.41,-116.26,0.07932692307692307,0.032552759493550944,1.9524307404220042e-28
Llama 3.2 1B,GSM8K,FS1,100,0.03,0.05,0.02,-0.03,0.08,5,3,0.7265625,0.12,0.05,-0.07,-0.15,0.01,5,12,0.143463134765625,0.18,0.99,0.81,0.73,0.88,81,0,8.271806125530277e-25,154.28,19.94,-134.34,1.0,0.5339417421728149,3.9370615693629686e-24
Llama 3.2 1B,GSM8K,FS3,100,0.06,0.02,-0.04,-0.1,0.01,2,6,0.2890625,0.2,0.02,-0.18,-0.27,-0.1,2,20,0.00012111663818359375,0.21,1.0,0.79,0.71,0.87,79,0,3.308722450212111e-24,136.13,18.45,-117.68,0.5700634960159362,0.001462261851240949,1.4889251025954498e-23
Llama 3.2 1B,GSM8K,FS5,100,0.03,0.03,0.0,-0.05,0.05,3,3,1.0,0.18,0.03,-0.15,-0.23,-0.07,2,17,0.000728607177734375,0.21,0.99,0.78,0.69,0.86,79,1,1.3400325923359048e-22,138.26,100.29,-37.97,1.0,0.007673628786776928,5.437017485297319e-22
Llama 3.2 1B,GSM8K,SC1,100,0.08,0.16,0.08,-0.01,0.17,14,6,0.11531829833984375,0.08,0.16,0.08,0.0,0.17,14,6,0.11531829833984375,0.87,0.95,0.08,0.01,0.15,11,3,0.057373046875,71.08,85.09,14.01,0.25829211619105275,0.4678898170346119,0.0962700278072034
Llama 3.2 1B,GSM8K,SC3,100,0.15,0.23,0.08,-0.02,0.18,17,9,0.16863754391670227,0.15,0.23,0.08,-0.02,0.18,17,9,0.16863754391670227,0.97,1.0,0.03,0.0,0.07,3,0,0.25,225.64,258.1,32.46,0.3613661655357906,0.6048955379620843,0.37844036697247707
Llama 3.2 1B,GSM8K,SC5,100,0.2,0.23,0.03,-0.07,0.13,14,11,0.6900379657745361,0.2,0.23,0.03,-0.07,0.13,14,11,0.6900379657745361,1.0,1.0,0.0,0.0,0.0,0,0,1.0,362.1,421.49,59.39,1.0,1.0,1.0
Llama 3.2 1B,StrategyQA,Zero,100,0.0,0.55,0.55,0.45,0.65,55,0,5.551115123125783e-17,0.56,0.55,-0.01,-0.07,0.05,4,5,1.0,0.0,1.0,1.0,1.0,1.0,100,0,1.5777218104420236e-30,1.0,4.0,3.0,3.434752482434078e-15,1.0,2.0024930670994914e-29
Llama 3.2 1B,StrategyQA,CoT,100,0.05,0.51,0.46,0.35,0.57,49,3,1.042677055806962e-11,0.52,0.51,-0.01,-0.15,0.13,25,26,1.0,0.12,1.0,0.88,0.82,0.94,88,0,6.462348535570529e-27,25.96,7.09,-18.87,9.384093502262658e-11,1.0,3.6350710512584224e-26
Llama 3.2 1B,StrategyQA,FS0,100,0.0,0.05,0.05,0.01,0.1,5,0,0.0625,0.49,0.51,0.02,-0.14,0.18,36,34,0.9049745264594622,0.0,0.08,0.08,0.03,0.14,8,0,0.0078125,1.22,14.1,12.88,0.14732142857142858,1.0,0.01396096570397112
Llama 3.2 1B,StrategyQA,FS1,100,0.05,0.53,0.48,0.38,0.58,48,0,7.105427357601002e-15,0.5,0.53,0.03,-0.14,0.19,36,33,0.8099490529189248,0.14,0.99,0.85,0.78,0.92,85,0,5.169878828456423e-26,7.67,17.45,9.78,1.1723955140041653e-13,1.0,2.722436191580776e-25
Llama 3.2 1B,StrategyQA,FS3,100,0.0,0.57,0.57,0.47,0.67,57,0,1.3877787807814457e-17,0.48,0.57,0.09,-0.08,0.26,45,36,0.37417441760470777,0.01,1.0,0.99,0.97,1.0,99,0,3.1554436208840472e-30,1.68,18.69,17.01,2.2898349882893854e-15,0.942258883248731,3.2540512340366737e-29
Llama 3.2 1B,StrategyQA,FS5,100,0.36,0.57,0.21,0.1,0.32,29,8,0.0007528970600105822,0.57,0.57,0.0,-0.12,0.12,20,20,1.0,0.63,1.0,0.37,0.28,0.47,37,0,1.4551915228366852e-11,13.09,17.48,4.39,0.002451868715166041,1.0,3.619697506553563e-11
Llama 3.2 1B,StrategyQA,SC1,100,0.03,0.44,0.41,0.31,0.51,42,1,1.000444171950221e-11,0.54,0.55,0.01,-0.12,0.14,21,20,1.0,0.06,0.86,0.8,0.71,0.88,81,1,3.432799542095065e-23,22.21,12.35,-9.86,9.343771039912442e-11,1.0,1.4400303163873364e-22
Llama 3.2 1B,StrategyQA,SC3,100,0.14,0.43,0.29,0.17,0.41,36,7,8.963039363152348e-06,0.55,0.43,-0.12,-0.24,0.01,15,27,0.08842954698775429,0.24,1.0,0.76,0.68,0.84,76,0,2.6469779601696886e-23,65.79,28.77,-37.02,3.6972537373003433e-05,0.3873683695481272,1.119875290841022e-22
Llama 3.2 1B,StrategyQA,SC5,100,0.19,0.56,0.37,0.24,0.49,46,9,4.336383137015787e-07,0.57,0.56,-0.01,-0.13,0.11,19,20,1.0,0.37,1.0,0.63,0.53,0.72,63,0,2.168404344971009e-19,114.0,51.73,-62.27,2.2835209072583132e-06,1.0,7.351781854524996e-19
Llama 3.2 1B,LogiQA,Zero,100,0.01,0.27,0.26,0.17,0.35,27,1,2.1606683731079102e-07,0.34,0.3,-0.04,-0.15,0.07,15,19,0.6075913612730801,0.08,0.9,0.82,0.74,0.89,82,0,4.1359030627651384e-25,64.02,3.63,-60.39,1.1753086205367204e-06,1.0,2.0270019961076668e-24
Llama 3.2 1B,LogiQA,CoT,100,0.04,0.31,0.27,0.18,0.37,29,2,4.628673195838928e-07,0.19,0.31,0.12,-0.01,0.24,27,15,0.08842954698775429,0.32,1.0,0.68,0.59,0.77,68,0,6.776263578034403e-21,78.7,4.0,-74.7,2.3620548782889376e-06,0.3873683695481272,2.50317199337838e-20
Llama 3.2 1B,LogiQA,FS0,100,0.01,0.29,0.28,0.19,0.37,28,0,7.450580596923828e-09,0.23,0.29,0.06,-0.07,0.19,23,17,0.42959050784338615,0.01,1.0,0.99,0.97,1.0,99,0,3.1554436208840472e-30,80.0,4.0,-76.0,4.852680783522757e-08,1.0,3.2540512340366737e-29
Llama 3.2 1B,LogiQA,FS1,100,0.08,0.25,0.17,0.08,0.27,22,5,0.0015137195587158203,0.25,0.25,0.0,-0.1,0.1,14,14,1.0,0.34,1.0,0.66,0.57,0.75,66,0,2.710505431213761e-20,77.51,4.0,-73.51,0.004742349250407158,1.0,9.652519341372746e-20
Llama 3.2 1B,LogiQA,FS3,100,0.03,0.21,0.18,0.1,0.27,20,2,0.00012111663818359375,0.24,0.21,-0.03,-0.14,0.08,15,18,0.7283324808813632,0.09,1.0,0.91,0.85,0.96,91,0,8.077935669463161e-28,79.8,4.0,-75.8,0.00042519670851687166,1.0,4.936516242449709e-27
Llama 3.2 1B,LogiQA,FS5,100,0.4,0.22,-0.18,-0.33,-0.03,22,40,0.030015864349067285,0.4,0.22,-0.18,-0.33,-0.03,22,40,0.030015864349067285,1.0,1.0,0.0,0.0,0.0,0,0,1.0,44.0,43.0,-1.0,0.07778980551198067,0.16694216688526187,1.0
Llama 3.2 1B,LogiQA,SC1,100,0.07,0.31,0.24,0.14,0.34,29,5,3.8558151572942734e-05,0.26,0.31,0.05,-0.08,0.18,24,19,0.542384011856484,0.35,1.0,0.65,0.56,0.74,65,0,5.421010862427522e-20,76.89,4.0,-72.89,0.0001468175771431281,1.0,1.8765037600710654e-19
Llama 3.2 1B,LogiQA,SC3,100,0.13,0.3,0.17,0.07,0.27,24,7,0.003326892852783203,0.23,0.3,0.07,-0.05,0.19,23,16,0.3367836351899315,0.51,1.0,0.49,0.39,0.59,49,0,3.552713678800501e-15,231.41,12.0,-219.41,0.009920553988720998,0.9011237806433302,1.0049104405749989e-14
Llama 3.2 1B,LogiQA,SC5,100,0.11,0.32,0.21,0.1,0.32,28,7,0.0005082604475319386,0.23,0.32,0.09,-0.04,0.22,26,17,0.2220528201560228,0.58,1.0,0.42,0.32,0.52,42,0,4.547473508864641e-13,390.03,20.0,-370.03,0.0017114892620973441,0.7045906793412262,1.191004966607406e-12
Llama 3.2 1B,MBPP,Zero,100,0.0,0.0,0.0,0.0,0.0,0,0,1.0,0.0,0.0,0.0,0.0,0.0,0,0,1.0,0.84,0.99,0.15,0.08,0.23,16,1,0.000274658203125,241.27,62.61,-178.66,1.0,1.0,0.0005310773849487305
Llama 3.2 1B,MBPP,CoT,100,0.0,0.0,0.0,0.0,0.0,0,0,1.0,0.0,0.0,0.0,0.0,0.0,0,0,1.0,0.83,0.99,0.16,0.09,0.24,17,1,0.00014495849609375,238.3,64.55,-173.75,1.0,1.0,0.00028587432496576196
Llama 3.2 1B,MBPP,FS0,100,0.0,0.0,0.0,0.0,0.0,0,0,1.0,0.0,0.0,0.0,0.0,0.0,0,0,1.0,0.74,1.0,0.26,0.18,0.35,26,0,2.9802322387695312e-08,253.05,57.71,-195.34,1.0,1.0,6.991540086212882e-08
Llama 3.2 1B,MBPP,FS1,100,0.0,0.0,0.0,0.0,0.0,0,0,1.0,0.0,0.0,0.0,0.0,0.0,0,0,1.0,0.83,1.0,0.17,0.1,0.24,17,0,1.52587890625e-05,233.78,59.74,-174.04,1.0,1.0,3.108271846064815e-05
Llama 3.2 1B,MBPP,FS3,100,0.0,0.0,0.0,0.0,0.0,0,0,1.0,0.0,0.0,0.0,0.0,0.0,0,0,1.0,0.54,1.0,0.46,0.36,0.56,46,0,2.842170943040401e-14,246.37,54.25,-192.12,1.0,1.0,7.815970093361102e-14
Llama 3.2 1B,MBPP,FS5,100,0.0,0.0,0.0,0.0,0.0,0,0,1.0,0.0,0.0,0.0,0.0,0.0,0,0,1.0,0.8,1.0,0.2,0.12,0.28,20,0,1.9073486328125e-06,233.86,55.39,-178.47,1.0,1.0,4.122871498874181e-06
Llama 3.2 1B,MBPP,SC1,100,0.0,0.0,0.0,0.0,0.0,0,0,1.0,0.0,0.0,0.0,0.0,0.0,0,0,1.0,0.75,0.95,0.2,0.11,0.3,24,4,0.00017999112606048584,242.86,64.15,-178.71,1.0,1.0,0.00035355399761881145
Llama 3.2 1B,MBPP,SC3,100,0.0,0.0,0.0,0.0,0.0,0,0,1.0,0.0,0.0,0.0,0.0,0.0,0,0,1.0,0.94,1.0,0.06,0.02,0.11,6,0,0.03125,734.24,188.55,-545.69,1.0,1.0,0.052614795918367346
Llama 3.2 1B,MBPP,SC5,100,0.0,0.0,0.0,0.0,0.0,0,0,1.0,0.0,0.0,0.0,0.0,0.0,0,0,1.0,0.98,1.0,0.02,0.0,0.05,2,0,0.5,1225.46,328.33,-897.13,1.0,1.0,0.7112068965517241
Llama 3.2 3B,GSM8K,Zero,100,0.19,0.17,-0.02,-0.1,0.06,8,10,0.8145294189453125,0.2,0.17,-0.03,-0.12,0.05,8,11,0.6476058959960938,0.91,1.0,0.09,0.04,0.15,9,0,0.00390625,29.87,6.9,-22.97,1.0,1.0,0.007108800551470588
Llama 3.2 3B,GSM8K,CoT,100,0.46,0.61,0.15,0.02,0.29,32,17,0.04438416098714981,0.47,0.61,0.14,0.0,0.27,31,17,0.05946337525377034,0.96,0.96,0.0,-0.05,0.05,3,3,1.0,76.35,89.06,12.71,0.10930427705790625,0.27564508942951105,1.0
Llama 3.2 3B,GSM8K,FS0,100,0.41,0.24,-0.17,-0.28,-0.06,8,25,0.004551384132355452,0.53,0.24,-0.29,-0.4,-0.18,6,35,4.873598300036974e-06,0.52,0.91,0.39,0.3,0.49,39,0,3.637978807091713e-12,136.58,52.83,-83.75,0.013175059330502623,8.615825566136794e-05,9.234869279540502e-12
Llama 3.2 3B,GSM8K,FS1,100,0.18,0.31,0.13,0.03,0.23,20,7,0.0191572904586792,0.2,0.31,0.11,0.01,0.21,19,8,0.052238985896110535,0.73,0.87,0.14,0.04,0.24,21,7,0.012540951371192932,86.39,78.26,-8.13,0.051537275962207627,0.2535127256723011,0.022250075013406815
Llama 3.2 3B,GSM8K,FS3,100,0.42,0.36,-0.06,-0.16,0.05,11,17,0.34492845088243484,0.49,0.4,-0.09,-0.19,0.02,10,19,0.13604594767093658,0.56,0.77,0.21,0.12,0.31,25,4,0.00010371580719947815,130.71,97.24,-33.47,0.6516777984229208,0.5180211084393355,0.00020785151645239547
Llama 3.2 3B,GSM8K,FS5,100,0.46,0.33,-0.13,-0.25,-0.01,12,25,0.04703102743951604,0.57,0.36,-0.21,-0.32,-0.11,6,27,0.0003240634687244892,0.51,0.85,0.34,0.23,0.45,38,4,5.65314621780999e-08,138.61,69.72,-68.89,0.11524929991366553,0.003730498070200515,1.3199563102905402e-07
Llama 3.2 3B,GSM8K,SC1,100,0.36,0.52,0.16,0.04,0.29,29,13,0.019520472782460274,0.37,0.52,0.15,0.03,0.27,29,14,0.03153949735315109,0.9,0.94,0.04,-0.03,0.11,9,5,0.4239501953125,85.99,91.2,5.21,0.052230454201718034,0.17156100208582187,0.6283094211966692
Llama 3.2 3B,GSM8K,SC3,100,0.51,0.53,0.02,-0.1,0.14,19,17,0.8679394004284404,0.51,0.53,0.02,-0.1,0.13,19,17,0.8679394004284404,1.0,1.0,0.0,0.0,0.0,0,0,1.0,254.18,271.61,17.43,1.0,1.0,1.0
Llama 3.2 3B,GSM8K,SC5,100,0.63,0.7,0.07,-0.04,0.17,18,11,0.26493089646101,0.63,0.7,0.07,-0.04,0.18,18,11,0.26493089646101,1.0,1.0,0.0,0.0,0.0,0,0,1.0,409.88,457.61,47.73,0.5266698544104416,0.7759810280958577,1.0
Llama 3.2 3B,StrategyQA,Zero,100,0.61,0.61,0.0,-0.06,0.05,4,4,1.0,0.61,0.61,0.0,-0.06,0.06,4,4,1.0,1.0,1.0,0.0,0.0,0.0,0,0,1.0,4.0,4.0,0.0,1.0,1.0,1.0
Llama 3.2 3B,StrategyQA,CoT,100,0.0,0.01,0.01,0.0,0.03,1,0,1.0,0.71,0.69,-0.02,-0.11,0.07,10,12,0.8318119049072266,0.0,0.01,0.01,0.0,0.03,1,0,1.0,2.08,1.03,-1.05,1.0,1.0,1.0
Llama 3.2 3B,StrategyQA,FS0,100,0.0,0.56,0.56,0.46,0.66,56,0,2.7755575615628914e-17,0.58,0.65,0.07,-0.04,0.18,19,12,0.28104151505976915,0.0,0.84,0.84,0.77,0.91,84,0,1.0339757656912846e-25,1.06,3.52,2.46,2.2898349882893854e-15,0.8088113369452659,5.276474268218411e-25
Llama 3.2 3B,StrategyQA,FS1,100,0.28,0.6,0.32,0.23,0.42,33,1,4.0745362639427185e-09,0.57,0.6,0.03,-0.01,0.08,4,1,0.375,0.57,1.0,0.43,0.33,0.53,43,0,2.2737367544323206e-13,2.94,4.0,1.06,2.725534392772494e-08,0.942258883248731,5.986700497042546e-13
Llama 3.2 3B,StrategyQA,FS3,100,0.54,0.66,0.12,0.04,0.21,16,4,0.01181793212890625,0.63,0.66,0.03,-0.04,0.1,8,5,0.5810546875,0.84,1.0,0.16,0.09,0.23,16,0,3.0517578125e-05,3.77,4.0,0.23,0.03286447417869996,1.0,6.165796396683673e-05
Llama 3.2 3B,StrategyQA,FS5,100,0.57,0.63,0.06,0.0,0.12,8,2,0.109375,0.61,0.63,0.02,-0.04,0.08,6,4,0.75390625,0.96,1.0,0.04,0.01,0.08,4,0,0.125,4.34,4.0,-0.34,0.24609375,1.0,0.19642857142857142
Llama 3.2 3B,StrategyQA,SC1,100,0.0,0.04,0.04,0.01,0.08,4,0,0.125,0.65,0.63,-0.02,-0.13,0.09,15,17,0.860050065908581,0.0,0.1,0.1,0.04,0.16,10,0,0.001953125,1.82,1.3,-0.52,0.2725770925110132,1.0,0.0036209620786516856
Llama 3.2 3B,StrategyQA,SC3,100,0.0,0.07,0.07,0.02,0.12,7,0,0.015625,0.67,0.6,-0.07,-0.17,0.03,10,17,0.24778856337070465,0.0,0.17,0.17,0.1,0.24,17,0,1.52587890625e-05,5.68,3.63,-2.05,0.042264344262295084,0.7545731707317073,3.108271846064815e-05
Llama 3.2 3B,StrategyQA,SC5,100,0.0,0.15,0.15,0.08,0.22,15,0,6.103515625e-05,0.68,0.7,0.02,-0.08,0.12,15,13,0.8505540192127228,0.0,0.21,0.21,0.13,0.29,21,0,9.5367431640625e-07,9.29,6.14,-3.15,0.0002288818359375,1.0,2.0795981789475494e-06
Llama 3.2 3B,LogiQA,Zero,100,0.34,0.34,0.0,-0.11,0.11,16,16,1.0,0.34,0.34,0.0,-0.11,0.11,16,16,1.0,1.0,1.0,0.0,0.0,0.0,0,0,1.0,4.0,4.28,0.28,1.0,1.0,1.0
Llama 3.2 3B,LogiQA,CoT,100,0.03,0.29,0.26,0.17,0.36,28,2,8.67992639541626e-07,0.27,0.29,0.02,-0.1,0.14,20,18,0.8714146793645341,0.07,1.0,0.93,0.88,0.98,93,0,2.0194839173657902e-28,69.77,4.0,-65.77,4.053361854463253e-06,1.0,1.3883951931889808e-27
Llama 3.2 3B,LogiQA,FS0,100,0.11,0.35,0.24,0.14,0.34,28,4,1.9301194697618484e-05,0.26,0.35,0.09,-0.03,0.21,23,14,0.18774155899882317,0.34,1.0,0.66,0.57,0.75,66,0,2.710505431213761e-20,50.47,4.0,-46.47,7.573544509767548e-05,0.6372607484155771,9.652519341372746e-20
Llama 3.2 3B,LogiQA,FS1,100,0.02,0.3,0.28,0.19,0.38,29,1,5.774199962615967e-08,0.23,0.3,0.07,-0.04,0.18,20,13,0.296206368599087,0.03,1.0,0.97,0.93,1.0,97,0,1.262177448353619e-29,79.12,4.0,-75.12,3.4026535493986945e-07,0.8330804116849322,1.0589454863305785e-28
Llama 3.2 3B,LogiQA,FS3,100,0.01,0.34,0.33,0.24,0.42,33,0,2.3283064365386963e-10,0.18,0.36,0.18,0.07,0.29,27,9,0.00393317302223295,0.08,0.96,0.88,0.81,0.94,88,0,6.462348535570529e-27,74.68,7.04,-67.64,1.7201666956517233e-09,0.0319167319017264,3.6350710512584224e-26
Llama 3.2 3B,LogiQA,FS5,100,0.21,0.17,-0.04,-0.16,0.08,17,21,0.6271025701571489,0.21,0.17,-0.04,-0.16,0.08,17,21,0.6271025701571489,1.0,1.0,0.0,0.0,0.0,0,0,1.0,36.0,4.0,-32.0,0.9792295653873461,1.0,1.0
Llama 3.2 3B,LogiQA,SC1,100,0.02,0.28,0.26,0.17,0.35,27,1,2.1606683731079102e-07,0.26,0.28,0.02,-0.11,0.15,22,20,0.8776143287523154,0.1,1.0,0.9,0.84,0.95,90,0,1.6155871338926322e-27,72.23,4.0,-68.23,1.1753086205367204e-06,1.0,9.752629649717718e-27
Llama 3.2 3B,LogiQA,SC3,100,0.1,0.28,0.18,0.09,0.27,22,4,0.0005335211753845215,0.31,0.28,-0.03,-0.15,0.09,18,21,0.7492586247608418,0.27,1.0,0.73,0.64,0.82,73,0,2.117582368135751e-22,212.39,12.0,-200.39,0.0017724361195660277,1.0,8.453252195380618e-22
Llama 3.2 3B,LogiQA,SC5,100,0.14,0.29,0.15,0.03975000000000023,0.27,26,11,0.020073851919732988,0.27,0.29,0.02,-0.11,0.14024999999999638,22,20,0.8776143287523154,0.4,1.0,0.6,0.5,0.69,60,0,1.734723475976807e-18,345.12,20.0,-325.12,0.05313666684635203,1.0,5.612340657572023e-18
Llama 3.2 3B,MBPP,Zero,100,0.0,0.0,0.0,0.0,0.0,0,0,1.0,0.0,0.0,0.0,0.0,0.0,0,0,1.0,0.95,1.0,0.05,0.01,0.1,5,0,0.0625,116.78,56.63,-60.15,1.0,1.0,0.10278239202657807
Llama 3.2 3B,MBPP,CoT,100,0.0,0.0,0.0,0.0,0.0,0,0,1.0,0.0,0.0,0.0,0.0,0.0,0,0,1.0,0.86,1.0,0.14,0.07,0.21,14,0,0.0001220703125,175.45,58.28,-117.17,1.0,1.0,0.00024169921875
Llama 3.2 3B,MBPP,FS0,100,0.0,0.0,0.0,0.0,0.0,0,0,1.0,0.0,0.0,0.0,0.0,0.0,0,0,1.0,0.91,1.0,0.09,0.04,0.15,9,0,0.00390625,167.47,58.09,-109.38,1.0,1.0,0.007108800551470588
Llama 3.2 3B,MBPP,FS1,100,0.0,0.0,0.0,0.0,0.0,0,0,1.0,0.0,0.0,0.0,0.0,0.0,0,0,1.0,0.99,1.0,0.01,0.0,0.03,1,0,1.0,128.55,56.85,-71.7,1.0,1.0,1.0
Llama 3.2 3B,MBPP,FS3,100,0.0,0.0,0.0,0.0,0.0,0,0,1.0,0.0,0.0,0.0,0.0,0.0,0,0,1.0,1.0,1.0,0.0,0.0,0.0,0,0,1.0,82.18,59.61,-22.57,1.0,1.0,1.0
Llama 3.2 3B,MBPP,FS5,100,0.0,0.0,0.0,0.0,0.0,0,0,1.0,0.0,0.0,0.0,0.0,0.0,0,0,1.0,0.98,1.0,0.02,0.0,0.05,2,0,0.5,128.93,50.34,-78.59,1.0,1.0,0.7112068965517241
Llama 3.2 3B,MBPP,SC1,100,0.0,0.0,0.0,0.0,0.0,0,0,1.0,0.0,0.0,0.0,0.0,0.0,0,0,1.0,0.81,1.0,0.19,0.12,0.27,19,0,3.814697265625e-06,181.75,57.4,-124.35,1.0,1.0,8.069551908052885e-06
Llama 3.2 3B,MBPP,SC3,100,0.0,0.0,0.0,0.0,0.0,0,0,1.0,0.0,0.0,0.0,0.0,0.0,0,0,1.0,0.94,1.0,0.06,0.02,0.11,6,0,0.03125,529.67,174.09,-355.58,1.0,1.0,0.052614795918367346
Llama 3.2 3B,MBPP,SC5,100,0.0,0.0,0.0,0.0,0.0,0,0,1.0,0.0,0.0,0.0,0.0,0.0,0,0,1.0,0.98,1.0,0.02,0.0,0.05,2,0,0.5,887.03,293.45,-593.58,1.0,1.0,0.7112068965517241
Qwen 2.5 0.5B,GSM8K,Zero,100,0.05,0.08,0.03,-0.03,0.09,6,3,0.5078125,0.08,0.08,0.0,-0.07,0.07,6,6,1.0,0.82,0.93,0.11,0.02,0.2,16,5,0.02660369873046875,11.75,12.04,0.29,0.8406929347826086,1.0,0.045409761626144934
Qwen 2.5 0.5B,GSM8K,CoT,100,0.01,0.26,0.25,0.16,0.34,26,1,4.172325134277344e-07,0.14,0.26,0.12,0.02,0.22,20,8,0.03569813817739487,0.16,0.84,0.68,0.58,0.77,69,1,1.2027867851011065e-19,54.33,104.34,50.01,2.220753700502457e-06,0.19000621933129527,4.106065231896881e-19
Qwen 2.5 0.5B,GSM8K,FS0,100,0.03,0.08,0.05,-0.01,0.12,8,3,0.2265625,0.04,0.08,0.04,-0.03,0.11,8,4,0.3876953125,0.84,0.69,-0.15,-0.27,-0.04,11,26,0.020073851919732988,111.89,13.77,-98.12,0.46534621369294604,0.9594381734668876,0.03438254913587484
Qwen 2.5 0.5B,GSM8K,FS1,100,0.04,0.02,-0.02,-0.07,0.03,2,4,0.6875,0.04,0.02,-0.02,-0.07,0.03,2,4,0.6875,1.0,1.0,0.0,0.0,0.0,0,0,1.0,61.09,8.8,-52.29,1.0,1.0,1.0
Qwen 2.5 0.5B,GSM8K,FS3,100,0.03,0.04,0.01,-0.02,0.05,2,1,1.0,0.03,0.04,0.01,-0.02,0.05,2,1,1.0,1.0,1.0,0.0,0.0,0.0,0,0,1.0,84.42,8.48,-75.94,1.0,1.0,1.0
Qwen 2.5 0.5B,GSM8K,FS5,100,0.07,0.06,-0.01,-0.06,0.04,3,4,1.0,0.07,0.06,-0.01,-0.06,0.04,3,4,1.0,1.0,1.0,0.0,0.0,0.0,0,0,1.0,81.79,7.32,-74.47,1.0,1.0,1.0
Qwen 2.5 0.5B,GSM8K,SC1,100,0.06,0.1,0.04,-0.04,0.12,10,6,0.454498291015625,0.11,0.1,-0.01,-0.09,0.07,8,9,1.0,0.31,0.78,0.47,0.33,0.6,57,10,4.042104433067336e-09,74.61,105.26,30.65,0.7987248881155966,1.0,9.808047521413388e-09
Qwen 2.5 0.5B,GSM8K,SC3,100,0.08,0.19,0.11,0.04,0.18,13,2,0.00738525390625,0.09,0.19,0.1,0.03,0.17,12,2,0.012939453125,0.65,0.96,0.31,0.21,0.41,34,3,1.233129296451807e-07,222.38,333.78,111.4,0.02100977404364224,0.08211576021634616,2.812898625546749e-07
Qwen 2.5 0.5B,GSM8K,SC5,100,0.1,0.24,0.14,0.06,0.22,17,3,0.0025768280029296875,0.12,0.24,0.12,0.04,0.21,16,4,0.01181793212890625,0.75,0.99,0.24,0.15,0.33,25,1,8.046627044677734e-07,365.95,540.59,174.64,0.007825336573314082,0.07697205794484992,1.7781608871051243e-06
Qwen 2.5 0.5B,StrategyQA,Zero,100,0.01,0.51,0.5,0.4,0.6,50,0,1.7763568394002505e-15,0.5,0.51,0.01,-0.18,0.2,47,46,1.0,0.03,1.0,0.97,0.93,1.0,97,0,1.262177448353619e-29,1.09,4.0,2.91,3.517186542012496e-14,1.0,1.0589454863305785e-28
Qwen 2.5 0.5B,StrategyQA,CoT,100,0.0,0.5,0.5,0.4,0.6,50,0,1.7763568394002505e-15,0.49,0.5,0.01,-0.18,0.2,47,46,1.0,0.0,1.0,1.0,1.0,1.0,100,0,1.5777218104420236e-30,1.0,4.0,3.0,3.517186542012496e-14,1.0,2.0024930670994914e-29
Qwen 2.5 0.5B,StrategyQA,FS0,100,0.0,0.57,0.57,0.47,0.66,57,0,1.3877787807814457e-17,0.49,0.57,0.08,-0.09,0.24,40,32,0.40957939592707177,0.0,1.0,1.0,1.0,1.0,100,0,1.5777218104420236e-30,1.55,4.0,2.45,2.2898349882893854e-15,0.9938323577642183,2.0024930670994914e-29
Qwen 2.5 0.5B,StrategyQA,FS1,100,0.57,0.5,-0.07,-0.21,0.07,22,29,0.4010619910279374,0.58,0.5,-0.08,-0.22,0.06,21,29,0.3222363203575469,0.99,1.0,0.01,0.0,0.03,1,0,1.0,20.59,4.0,-16.59,0.7343991276178674,0.8812540252872139,1.0
Qwen 2.5 0.5B,StrategyQA,FS3,100,0.53,0.55,0.02,-0.12,0.16,27,25,0.8898839652765371,0.54,0.55,0.01,-0.12,0.15,26,25,1.0,0.99,1.0,0.01,0.0,0.03,1,0,1.0,38.72,4.0,-34.72,1.0,1.0,1.0
Qwen 2.5 0.5B,StrategyQA,FS5,100,0.54,0.56,0.02,-0.11,0.15,22,20,0.8776143287523154,0.54,0.56,0.02,-0.11,0.15,22,20,0.8776143287523154,1.0,1.0,0.0,0.0,0.0,0,0,1.0,32.15,4.0,-28.15,1.0,1.0,1.0
Qwen 2.5 0.5B,StrategyQA,SC1,100,0.0,0.51,0.51,0.41,0.61,51,0,8.881784197001252e-16,0.49,0.52,0.03,-0.12,0.18,29,26,0.7877061896700431,0.0,0.99,0.99,0.97,1.0,99,0,3.1554436208840472e-30,2.92,4.42,1.5,2.19824158875781e-14,1.0,3.2540512340366737e-29
Qwen 2.5 0.5B,StrategyQA,SC3,100,0.01,0.53,0.52,0.42,0.62,53,1,6.106226635438361e-15,0.44,0.53,0.09,-0.07,0.25,39,30,0.3355576182340152,0.02,1.0,0.98,0.95,1.0,98,0,6.310887241768095e-30,8.35,13.77,5.42,1.1194748831636996e-13,0.9011237806433302,5.679798517591285e-29
Qwen 2.5 0.5B,StrategyQA,SC5,100,0.0,0.51,0.51,0.41,0.61,51,0,8.881784197001252e-16,0.53,0.51,-0.02,-0.18,0.15,36,38,0.9075606176124984,0.0,1.0,1.0,1.0,1.0,100,0,1.5777218104420236e-30,16.79,24.04,7.25,2.19824158875781e-14,1.0,2.0024930670994914e-29
Qwen 2.5 0.5B,LogiQA,Zero,100,0.0,0.35,0.35,0.26,0.44,35,0,5.820766091346741e-11,0.43,0.35,-0.08,-0.19,0.04,14,22,0.24298495403490966,0.0,1.0,1.0,1.0,1.0,100,0,1.5777218104420236e-30,2.97,4.0,1.03,4.6472245406719944e-10,0.7545731707317073,2.0024930670994914e-29
Qwen 2.5 0.5B,LogiQA,CoT,100,0.42,0.36,-0.06,-0.16,0.03,9,15,0.30745625495910645,0.42,0.36,-0.06,-0.15,0.04,9,15,0.30745625495910645,0.97,1.0,0.03,0.0,0.07,3,0,0.25,3.94,4.0,0.06,0.5944954929873347,0.8455047011375427,0.37844036697247707
Qwen 2.5 0.5B,LogiQA,FS0,100,0.0,0.36,0.36,0.27,0.46,36,0,2.9103830456733704e-11,0.36,0.36,0.0,-0.11,0.11,17,17,1.0,0.0,1.0,1.0,1.0,1.0,100,0,1.5777218104420236e-30,10.29,4.0,-6.29,2.44176204679376e-10,1.0,2.0024930670994914e-29
Qwen 2.5 0.5B,LogiQA,FS1,100,0.0,0.4,0.4,0.31,0.5,40,0,1.8189894035458565e-12,0.34,0.4,0.06,-0.07,0.19,25,19,0.4513808323961257,0.0,1.0,1.0,1.0,1.0,100,0,1.5777218104420236e-30,1.74,4.0,2.26,1.8758328224066645e-11,1.0,2.0024930670994914e-29
Qwen 2.5 0.5B,LogiQA,FS3,100,0.18,0.35,0.17,0.07,0.27,23,6,0.002315700054168701,0.39,0.35,-0.04,-0.16,0.08,17,21,0.6271025701571489,0.48,1.0,0.52,0.42,0.62,52,0,4.440892098500626e-16,2.44,4.0,1.56,0.0071196989243074976,1.0,1.2855213969343918e-15
Qwen 2.5 0.5B,LogiQA,FS5,100,0.29,0.31,0.02,-0.08,0.12,14,12,0.8450189828872681,0.38,0.37,-0.01,-0.11,0.09,13,14,1.0,0.85,0.83,-0.02,-0.09,0.05,5,7,0.7744140625,81.14,41.38,-39.76,1.0,1.0,1.0
Qwen 2.5 0.5B,LogiQA,SC1,100,0.29,0.34,0.05,-0.07,0.17,22,17,0.5223973804968411,0.3,0.34,0.04,-0.08,0.16,21,17,0.6271025701571489,0.9,1.0,0.1,0.05,0.16,10,0,0.001953125,5.28,4.0,-1.28,0.8580006511006134,1.0,0.0036209620786516856
Qwen 2.5 0.5B,LogiQA,SC3,100,0.3,0.34,0.04,-0.07,0.15,18,14,0.5966148958541453,0.31,0.34,0.03,-0.08,0.14,17,14,0.720100131817162,0.98,1.0,0.02,0.0,0.05,2,0,0.5,8.113333333333333,4.0,-4.113333333333333,0.949596056102257,1.0,0.7112068965517241
Qwen 2.5 0.5B,LogiQA,SC5,100,0.36,0.31,-0.05,-0.17,0.07,17,22,0.5223973804968411,0.36,0.31,-0.05,-0.17,0.07,17,22,0.5223973804968411,0.99,1.0,0.01,0.0,0.03,1,0,1.0,6.71,3.998,-2.7120000000000006,0.8580006511006134,1.0,1.0
Qwen 2.5 0.5B,MBPP,Zero,100,0.0,0.17,0.17,0.1,0.24,17,0,1.52587890625e-05,0.23,0.17,-0.06,-0.16,0.04,11,17,0.34492845088243484,0.01,1.0,0.99,0.97,1.0,99,0,3.1554436208840472e-30,180.93,65.24,-115.69,6.04248046875e-05,0.9081892722702407,3.2540512340366737e-29
Qwen 2.5 0.5B,MBPP,CoT,100,0.0,0.2,0.2,0.12,0.28,20,0,1.9073486328125e-06,0.21,0.2,-0.01,-0.1,0.08,11,12,1.0,0.12,1.0,0.88,0.81,0.94,88,0,6.462348535570529e-27,286.93,59.76,-227.17,8.50574390308277e-06,1.0,3.6350710512584224e-26
Qwen 2.5 0.5B,MBPP,FS0,100,0.0,0.18,0.18,0.11,0.26,18,0,7.62939453125e-06,0.21,0.18,-0.03,-0.13,0.07,11,14,0.6900379657745361,0.11,1.0,0.89,0.83,0.95,89,0,3.2311742677852644e-27,185.81,63.87,-121.94,3.173571674763656e-05,1.0,1.9270256175345855e-26
Qwen 2.5 0.5B,MBPP,FS1,100,0.0,0.16,0.16,0.09,0.23,16,0,3.0517578125e-05,0.19,0.16,-0.03,-0.13,0.06,10,13,0.6776394844055176,0.02,1.0,0.98,0.95,1.0,98,0,6.310887241768095e-30,94.45,64.95,-29.5,0.00011710233466569768,1.0,5.679798517591285e-29
Qwen 2.5 0.5B,MBPP,FS3,100,0.0,0.17,0.17,0.1,0.25,17,0,1.52587890625e-05,0.24,0.17,-0.07,-0.16,0.02,7,14,0.18924713134765625,0.01,1.0,0.99,0.97,1.0,99,0,3.1554436208840472e-30,92.07,52.84,-39.23,6.04248046875e-05,0.6372607484155771,3.2540512340366737e-29
Qwen 2.5 0.5B,MBPP,FS5,100,0.0,0.0,0.0,0.0,0.0,0,0,1.0,0.0,0.0,0.0,0.0,0.0,0,0,1.0,0.0,0.0,0.0,0.0,0.0,0,0,1.0,384.0,82.0,-302.0,1.0,1.0,1.0
Qwen 2.5 0.5B,MBPP,SC1,100,0.0,0.18,0.18,0.11,0.26,18,0,7.62939453125e-06,0.13,0.18,0.05,-0.03,0.14,12,7,0.359283447265625,0.12,1.0,0.88,0.81,0.94,88,0,6.462348535570529e-27,271.67,62.98,-208.69,3.173571674763656e-05,0.9322360988880977,3.6350710512584224e-26
Qwen 2.5 0.5B,MBPP,SC3,100,0.01,0.12,0.11,0.05,0.18,12,1,0.00341796875,0.1,0.12,0.02,-0.06,0.1,9,7,0.803619384765625,0.06,1.0,0.94,0.89,0.98,94,0,1.0097419586828951e-28,273.86,60.97333333333333,-212.88666666666666,0.01013110497754491,1.0,7.140318136400472e-28
Qwen 2.5 0.5B,MBPP,SC5,100,0.0,0.16,0.16,0.09,0.24,16,0,3.0517578125e-05,0.13,0.16,0.03,-0.06,0.12,11,8,0.6476058959960938,0.08,1.0,0.92,0.86,0.97,92,0,4.0389678347315804e-28,279.86199999999997,62.222,-217.64000000000004,0.00011710233466569768,1.0,2.6306435239370164e-27
Qwen 2.5 1.5B,GSM8K,Zero,100,0.13,0.13,0.0,-0.05,0.06,4,4,1.0,0.13,0.13,0.0,-0.06,0.06,4,4,1.0,1.0,0.98,-0.02,-0.05,0.0,0,2,0.5,6.73,9.48,2.75,1.0,1.0,0.7112068965517241
Qwen 2.5 1.5B,GSM8K,CoT,100,0.45,0.41,-0.04,-0.16,0.08,18,22,0.6358280026288412,0.45,0.41,-0.04,-0.16,0.08,18,22,0.6358280026288412,1.0,0.89,-0.11,-0.18,-0.05,0,11,0.0009765625,74.61,105.0,30.39,0.9897322682430075,1.0,0.0018380168726235741
Qwen 2.5 1.5B,GSM8K,FS0,100,0.06,0.15,0.09,0.02,0.17,12,3,0.03515625,0.14,0.2,0.06,-0.03,0.15,14,8,0.28627872467041016,0.06,0.74,0.68,0.58,0.77,69,1,1.2027867851011065e-19,158.69,72.28,-86.41,0.08833677030456853,0.8144136132865116,4.106065231896881e-19
Qwen 2.5 1.5B,GSM8K,FS1,100,0.05,0.11,0.06,0.0,0.12,8,2,0.109375,0.08,0.11,0.03,-0.04,0.1,8,5,0.5810546875,0.39,1.0,0.61,0.51,0.71,61,0,8.673617379884035e-19,105.39,6.58,-98.81,0.24609375,1.0,2.8622937353617316e-18
Qwen 2.5 1.5B,GSM8K,FS3,100,0.1,0.1,0.0,-0.05,0.06,4,4,1.0,0.14,0.1,-0.04,-0.11,0.03,4,8,0.3876953125,0.78,1.0,0.22,0.14,0.3,22,0,4.76837158203125e-07,43.37,6.74,-36.63,1.0,0.9594381734668876,1.058450194217699e-06
Qwen 2.5 1.5B,GSM8K,FS5,100,0.13,0.1,-0.03,-0.09,0.03,3,6,0.5078125,0.14,0.1,-0.04,-0.1,0.02,3,7,0.34375,0.77,1.0,0.23,0.15,0.32,23,0,2.384185791015625e-07,44.86,6.63,-38.23,0.8406929347826086,0.9081892722702407,5.340144645034997e-07
Qwen 2.5 1.5B,GSM8K,SC1,100,0.35,0.24,-0.11,-0.21,-0.01,8,19,0.052238985896110535,0.36,0.28,-0.08,-0.18,0.02,9,17,0.16863754391670227,0.94,0.81,-0.13,-0.22,-0.05,4,17,0.007197380065917969,80.96,93.95,12.99,0.1273807784166242,0.6048955379620843,0.012955284118652344
Qwen 2.5 1.5B,GSM8K,SC3,100,0.34,0.36,0.02,-0.08,0.12,15,13,0.8505540192127228,0.34,0.36,0.02,-0.08,0.12,15,13,0.8505540192127228,1.0,0.99,-0.01,-0.03,0.0,0,1,1.0,241.9,287.68,45.78,1.0,1.0,1.0
Qwen 2.5 1.5B,GSM8K,SC5,100,0.57,0.44,-0.13,-0.23,-0.03,8,21,0.0241195447742939,0.57,0.44,-0.13,-0.23,-0.03,8,21,0.0241195447742939,1.0,1.0,0.0,0.0,0.0,0,0,1.0,404.4,481.51,77.11,0.06317023631362688,0.14046087839147625,1.0
Qwen 2.5 1.5B,StrategyQA,Zero,100,0.48,0.54,0.06,-0.01,0.13,10,4,0.1795654296875,0.48,0.54,0.06,-0.01,0.13,10,4,0.1795654296875,1.0,1.0,0.0,0.0,0.0,0,0,1.0,4.0,4.0,0.0,0.3831245159280711,0.6348920549665179,1.0
Qwen 2.5 1.5B,StrategyQA,CoT,100,0.01,0.56,0.55,0.45,0.65,55,0,5.551115123125783e-17,0.51,0.59,0.08,-0.01,0.16024999999999637,14,6,0.11531829833984375,0.03,0.94,0.91,0.85,0.96,91,0,8.077935669463161e-28,2.44,14.85,12.41,3.434752482434078e-15,0.4678898170346119,4.936516242449709e-27
Qwen 2.5 1.5B,StrategyQA,FS0,100,0.0,0.52,0.52,0.42,0.62,52,0,4.440892098500626e-16,0.51,0.52,0.01,-0.08,0.11,12,11,1.0,0.0,1.0,1.0,1.0,1.0,100,0,1.5777218104420236e-30,2.0,4.0,2.0,1.4654943925052066e-14,1.0,2.0024930670994914e-29
Qwen 2.5 1.5B,StrategyQA,FS1,100,0.04,0.5,0.46,0.36,0.55,46,0,2.842170943040401e-14,0.51,0.5,-0.01,-0.05,0.03,2,3,1.0,0.05,1.0,0.95,0.9,0.99,95,0,5.048709793414476e-29,1.16,4.0,2.84,4.137866520014701e-13,1.0,3.6751637466767138e-28
Qwen 2.5 1.5B,StrategyQA,FS3,100,0.26,0.51,0.25,0.14,0.36,32,7,7.025478407740593e-05,0.5,0.51,0.01,-0.07,0.09,10,9,1.0,0.56,1.0,0.44,0.34,0.54,44,0,1.1368683772161603e-13,2.68,4.0,1.32,0.00025384027823588276,1.0,3.0255368103333297e-13
Qwen 2.5 1.5B,StrategyQA,FS5,100,0.54,0.53,-0.01,-0.07,0.05,5,6,1.0,0.54,0.53,-0.01,-0.07,0.06,5,6,1.0,1.0,1.0,0.0,0.0,0.0,0,0,1.0,4.0,4.0,0.0,1.0,1.0,1.0
Qwen 2.5 1.5B,StrategyQA,SC1,100,0.13,0.48,0.35,0.24,0.45,38,3,1.0479197953827679e-08,0.46,0.56,0.1,-0.01,0.22,24,14,0.14330665429588407,0.28,0.84,0.56,0.44,0.68,62,6,8.181953378705309e-13,4.58,15.23,10.65,6.650260239929104e-08,0.5339417421728149,2.1316141697153305e-12
Qwen 2.5 1.5B,StrategyQA,SC3,100,0.29,0.55,0.26,0.13,0.38,37,11,0.0002222449626216872,0.56,0.55,-0.01,-0.12,0.1,16,17,1.0,0.56,1.0,0.44,0.3497500000000002,0.54,44,0,1.1368683772161603e-13,16.54,38.98,22.44,0.000769309485998148,1.0,3.0255368103333297e-13
Qwen 2.5 1.5B,StrategyQA,SC5,100,0.35,0.57,0.22,0.11,0.33,30,8,0.0004719867429230362,0.48,0.57,0.09,-0.02,0.2,21,12,0.16275565745308995,0.77,1.0,0.23,0.15,0.31,23,0,2.384185791015625e-07,23.53,73.8,50.27,0.0016002290256637187,0.5923827238182318,5.340144645034997e-07
Qwen 2.5 1.5B,LogiQA,Zero,100,0.43,0.51,0.08,-0.03,0.19,20,12,0.21532714972272515,0.45,0.51,0.06,-0.05,0.17,20,14,0.39152830513194203,0.81,1.0,0.19,0.12,0.27,19,0,3.814697265625e-06,67.96,5.0,-62.96,0.44411224630312063,0.9594381734668876,8.069551908052885e-06
Qwen 2.5 1.5B,LogiQA,CoT,100,0.07,0.5,0.43,0.33,0.54,45,2,1.6044054973463062e-11,0.16,0.5,0.34,0.21975000000000022,0.47,43,9,2.0377698612961126e-06,0.19,1.0,0.81,0.73,0.89,81,0,8.271806125530277e-25,96.0,5.0,-91.0,1.3932995108533712e-10,3.735911412376206e-05,3.9370615693629686e-24
Qwen 2.5 1.5B,LogiQA,FS0,100,0.38,0.51,0.13,0.01,0.25,27,14,0.05958388801809633,0.38,0.51,0.13,0.01,0.25,27,14,0.05958388801809633,0.99,1.0,0.01,0.0,0.03,1,0,1.0,21.76,5.0,-16.76,0.1417981950430658,0.27564508942951105,1.0
Qwen 2.5 1.5B,LogiQA,FS1,100,0.41,0.45,0.04,-0.06,0.14,15,11,0.557197093963623,0.41,0.45,0.04,-0.06,0.14,15,11,0.557197093963623,1.0,1.0,0.0,0.0,0.0,0,0,1.0,5.0,5.0,0.0,0.9043034803671915,1.0,1.0
Qwen 2.5 1.5B,LogiQA,FS3,100,0.47,0.42,-0.05,-0.15,0.06,12,17,0.45825831964612007,0.48,0.42,-0.06,-0.17,0.05,12,18,0.36159460805356514,0.99,0.98,-0.01,-0.03,0.0,0,1,1.0,12.44,8.64,-3.8,0.7987248881155966,0.9322360988880977,1.0
Qwen 2.5 1.5B,LogiQA,FS5,100,0.06,0.0,-0.06,-0.11,-0.02,0,6,0.03125,0.25,0.18,-0.07,-0.18,0.04,12,19,0.28104151505976915,0.19,0.02,-0.17,-0.25,-0.09,1,18,7.62939453125e-05,90.6,96.0,5.4,0.07932692307692307,0.8088113369452659,0.0001535183045922256
Qwen 2.5 1.5B,LogiQA,SC1,100,0.1,0.4,0.3,0.19,0.41,36,6,2.8288777684792876e-06,0.2,0.4,0.2,0.07,0.33,35,15,0.006600447966810918,0.26,0.99,0.73,0.64,0.82,74,1,4.0234064994579266e-21,79.66,5.82,-73.84,1.2391986684931393e-05,0.0487645036353941,1.5087774372967225e-20
Qwen 2.5 1.5B,LogiQA,SC3,100,0.16,0.46,0.3,0.19,0.41,36,6,2.8288777684792876e-06,0.25,0.46,0.21,0.09,0.33,32,11,0.001913961001264397,0.39,0.99,0.6,0.5,0.7,60,0,1.734723475976807e-18,81.02000000000001,7.3933333333333335,-73.62666666666668,1.2391986684931393e-05,0.018948213912517532,5.612340657572023e-18
Qwen 2.5 1.5B,LogiQA,SC5,100,0.26,0.39,0.13,0.01,0.25,26,13,0.05325191409792752,0.32,0.39,0.07,-0.06,0.2,25,18,0.3603776529357674,0.42,1.0,0.58,0.48,0.67,58,0,6.938893903907228e-18,80.406,6.645999999999999,-73.76,0.12858389013889815,0.9322360988880977,2.2017644118167166e-17
Qwen 2.5 1.5B,MBPP,Zero,100,0.0,0.26,0.26,0.18,0.35,26,0,2.9802322387695312e-08,0.45,0.37,-0.08,-0.19,0.04,14,22,0.24298495403490966,0.0,0.74,0.74,0.65,0.82,74,0,1.0587911840678754e-22,251.48,92.28,-159.2,1.7773674195071302e-07,0.7545731707317073,4.331418480277672e-22
Qwen 2.5 1.5B,MBPP,CoT,100,0.01,0.4,0.39,0.29,0.49,39,0,3.637978807091713e-12,0.44,0.4,-0.04,-0.14,0.06,12,16,0.5715881884098053,0.03,1.0,0.97,0.93,1.0,97,0,1.262177448353619e-29,379.32,122.28,-257.04,3.4630759798276886e-11,1.0,1.0589454863305785e-28
Qwen 2.5 1.5B,MBPP,FS0,100,0.0,0.0,0.0,0.0,0.0,0,0,1.0,0.47,0.42,-0.05,-0.15,0.05,11,16,0.44206833839416504,0.0,0.0,0.0,0.0,0.0,0,0,1.0,230.8,94.88,-135.92,1.0,1.0,1.0
Qwen 2.5 1.5B,MBPP,FS1,100,0.0,0.07,0.07,0.02,0.12,7,0,0.015625,0.43,0.32,-0.11,-0.21,-0.01,9,20,0.06142834573984146,0.0,0.11,0.11,0.05,0.17,11,0,0.0009765625,225.68,102.28,-123.4,0.042264344262295084,0.28154658464094,0.0018380168726235741
Qwen 2.5 1.5B,MBPP,FS3,100,0.0,0.01,0.01,0.0,0.03,1,0,1.0,0.39,0.31,-0.08,-0.19,0.03,12,20,0.21532714972272515,0.01,0.01,0.0,-0.03,0.03,1,1,1.0,223.64,109.24,-114.4,1.0,0.6921229812516165,1.0
Qwen 2.5 1.5B,MBPP,FS5,100,0.02,0.0,-0.02,-0.05,0.0,0,2,0.5,0.19,0.24,0.05,-0.05,0.16,17,12,0.45825831964612007,0.44,0.16,-0.28,-0.4,-0.16,8,36,2.5448598648836196e-05,356.72,257.8,-98.92,0.8333333333333334,1.0,5.162728004579474e-05
Qwen 2.5 1.5B,MBPP,SC1,100,0.06,0.28,0.22,0.12,0.32,27,5,0.00011307420209050179,0.25,0.28,0.03,-0.09,0.15,20,17,0.7428293587290682,0.3,1.0,0.7,0.61,0.79,70,0,1.6940658945086007e-21,315.88,70.77,-245.11,0.00039979807167713134,1.0,6.50048540916091e-21
Qwen 2.5 1.5B,MBPP,SC3,100,0.08,0.36,0.28,0.18,0.38,31,3,7.660128176212311e-07,0.25,0.36,0.11,0.01,0.21,19,8,0.052238985896110535,0.23,1.0,0.77,0.6897500000000002,0.85,77,0,1.3234889800848443e-23,312.1333333333334,68.23999999999998,-243.89333333333332,3.7174151443383275e-06,0.2535127256723011,5.746728466157876e-23
Qwen 2.5 1.5B,MBPP,SC5,100,0.06,0.43,0.37,0.28,0.46,37,0,1.4551915228366852e-11,0.27,0.43,0.16,0.07,0.26,21,5,0.002493917942047119,0.29,1.0,0.71,0.62,0.8,71,0,8.470329472543003e-22,318.90000000000003,70.264,-248.6359999999999,1.2862853639359984e-10,0.023292252477609885,3.301427629062037e-21
Qwen 2.5 7B,GSM8K,Zero,80,0.3,0.3125,0.0125,-0.0625,0.0875,5,4,1.0,0.3,0.3125,0.0125,-0.0625,0.0875,5,4,1.0,1.0,1.0,0.0,0.0,0.0,0,0,1.0,6.5125,6.4125,-0.1,1.0,1.0,1.0
Qwen 2.5 7B,GSM8K,CoT,80,0.6875,0.6,-0.0875,-0.2,0.025,8,15,0.21003961563110352,0.6875,0.6375,-0.05,-0.1625,0.075,10,14,0.5412561893463135,0.975,0.7875,-0.1875,-0.2875,-0.1,1,16,0.000274658203125,80.6875,89.2875,8.6,0.4386903364447099,1.0,0.0005310773849487305
Qwen 2.5 7B,GSM8K,FS0,80,0.0875,0.2625,0.175,0.075,0.275,16,2,0.001312255859375,0.1125,0.275,0.1625,0.0625,0.2625,16,3,0.004425048828125,0.1125,0.5125,0.4,0.275,0.5125,34,2,1.941225491464138e-08,125.4375,100.3875,-25.05,0.004184422701095732,0.0342249870300293,4.597639321888748e-08
Qwen 2.5 7B,GSM8K,FS1,80,0.125,0.3,0.175,0.08718750000000028,0.275,16,2,0.001312255859375,0.15,0.3,0.15,0.05,0.25,15,3,0.007537841796875,0.2125,0.9875,0.775,0.675,0.8625,62,0,4.336808689942018e-19,109.825,11.65,-98.175,0.004184422701095732,0.0548710542566636,1.4504866902170938e-18
Qwen 2.5 7B,GSM8K,FS3,80,0.15,0.3125,0.1625,0.0875,0.25,13,0,0.000244140625,0.1625,0.3125,0.15,0.075,0.2375,12,0,0.00048828125,0.2625,0.9625,0.7,0.6,0.8,56,0,2.7755575615628914e-17,97.45,15.45,-82.0,0.0008392333984375,0.005254330842391304,8.6955759048964e-17
Qwen 2.5 7B,GSM8K,FS5,80,0.2125,0.325,0.1125,0.025,0.2,12,3,0.03515625,0.225,0.325,0.1,0.0125,0.1875,11,3,0.057373046875,0.4875,1.0,0.5125,0.4,0.625,41,0,9.094947017729282e-13,77.6625,16.8625,-60.8,0.08833677030456853,0.27160260087943505,2.357067420825128e-12
Qwen 2.5 7B,GSM8K,SC1,80,0.6875,0.4625,-0.225,-0.3375,-0.1125,4,22,0.0005335211753845215,0.6875,0.5125,-0.175,-0.2875,-0.075,4,18,0.004343509674072266,0.9625,0.675,-0.2875,-0.4,-0.175,2,25,5.647540092468262e-06,75.95,92.8,16.85,0.0017724361195660277,0.0341275760105678,1.1895882322433147e-05
Qwen 2.5 7B,GSM8K,SC3,80,0.675,0.6,-0.075,-0.1875,0.0375,7,13,0.26317596435546875,0.675,0.6125,-0.0625,-0.175,0.05,8,13,0.38331031799316406,1.0,0.95,-0.05,-0.1,-0.0125,0,4,0.125,231.7375,268.1625,36.425,0.5252907353062783,0.9582757949829102,0.19642857142857142
Qwen 2.5 7B,GSM8K,SC5,80,0.7375,0.65,-0.0875,-0.175,0.0,3,10,0.09228515625,0.7375,0.65,-0.0875,-0.175,0.0,3,10,0.09228515625,0.975,0.9625,-0.0125,-0.0625,0.0375,2,3,1.0,398.75,455.9375,57.1875,0.2144655039612676,0.4007118626644737,1.0
Qwen 2.5 7B,StrategyQA,Zero,80,0.5875,0.6625,0.075,0.025,0.1375,6,0,0.03125,0.5875,0.6625,0.075,0.025,0.1375,6,0,0.03125,1.0,1.0,0.0,0.0,0.0,0,0,1.0,4.0,4.0,0.0,0.07932692307692307,0.17156100208582187,1.0
Qwen 2.5 7B,StrategyQA,CoT,80,0.0,0.625,0.625,0.5125,0.725,50,0,1.7763568394002505e-15,0.5625,0.6375,0.075,0.0,0.1625,9,3,0.14599609375,0.0,0.975,0.975,0.9375,1.0,78,0,6.617444900424222e-24,1.0,10.1375,9.1375,3.517186542012496e-14,0.5393139284048507,2.9510227258648556e-23
Qwen 2.5 7B,StrategyQA,FS0,80,0.0,0.675,0.675,0.575,0.775,54,0,1.1102230246251565e-16,0.55,0.675,0.125,0.025,0.2375,15,5,0.04138946533203125,0.0,1.0,1.0,1.0,1.0,80,0,1.6543612251060553e-24,1.0,4.0,3.0,5.495603971894525e-15,0.21566089830900492,7.582488948402753e-24
Qwen 2.5 7B,StrategyQA,FS1,80,0.075,0.6375,0.5625,0.45,0.675,45,0,5.684341886080802e-14,0.55,0.6375,0.0875,0.0125,0.1625,9,2,0.0654296875,0.15,1.0,0.85,0.7625,0.925,68,0,6.776263578034403e-21,1.8375,4.0,2.1625,7.034373084024992e-13,0.29443359375,2.50317199337838e-20
Qwen 2.5 7B,StrategyQA,FS3,80,0.0625,0.625,0.5625,0.45,0.675,46,1,6.821210263296962e-13,0.5875,0.6375,0.05,-0.05,0.15,11,7,0.480682373046875,0.075,0.9875,0.9125,0.85,0.9625,73,0,2.117582368135751e-22,1.225,3.9625,2.7375,7.673861546209082e-12,1.0,8.453252195380618e-22
Qwen 2.5 7B,StrategyQA,FS5,80,0.0875,0.7,0.6125,0.5,0.725,50,1,4.618527782440651e-14,0.6125,0.7,0.0875,0.0,0.1875,11,4,0.11846923828124999,0.125,1.0,0.875,0.8,0.95,70,0,1.6940658945086007e-21,1.375,4.0,2.625,6.350475700855895e-13,0.4767664467416158,6.50048540916091e-21
Qwen 2.5 7B,StrategyQA,SC1,80,0.0,0.5,0.5,0.3875,0.6125,40,0,1.8189894035458565e-12,0.575,0.6125,0.0375,-0.0375,0.1125,6,3,0.5078125,0.0,0.8125,0.8125,0.725,0.8875,65,0,5.421010862427522e-20,1.0,14.8625,13.8625,1.8758328224066645e-11,1.0,1.8765037600710654e-19
Qwen 2.5 7B,StrategyQA,SC3,80,0.0,0.6125,0.6125,0.5,0.7125,49,0,3.552713678800501e-15,0.5875,0.625,0.0375,-0.0375,0.125,7,4,0.548828125,0.0,0.9875,0.9875,0.9625,1.0,79,0,3.308722450212111e-24,3.0,34.0625,31.0625,6.763820273100954e-14,1.0,1.4889251025954498e-23
Qwen 2.5 7B,StrategyQA,SC5,80,0.0,0.6,0.6,0.4875,0.7,48,0,7.105427357601002e-15,0.575,0.6,0.025,-0.0375,0.0875,5,3,0.7265625,0.0,1.0,1.0,1.0,1.0,80,0,1.6543612251060553e-24,5.0,58.125,53.125,1.1723955140041653e-13,1.0,7.582488948402753e-24
Qwen 2.5 7B,MBPP,Zero,100,0.0,0.0,0.0,0.0,0.0,0,0,1.0,0.0,0.0,0.0,0.0,0.0,0,0,1.0,0.01,1.0,0.99,0.97,1.0,99,0,3.1554436208840472e-30,82.52,60.6,-21.92,1.0,1.0,3.2540512340366737e-29
Qwen 2.5 7B,MBPP,CoT,100,0.0,0.0,0.0,0.0,0.0,0,0,1.0,0.0,0.0,0.0,0.0,0.0,0,0,1.0,0.0,1.0,1.0,1.0,1.0,100,0,1.5777218104420236e-30,110.6,58.26,-52.34,1.0,1.0,2.0024930670994914e-29
Qwen 2.5 7B,MBPP,FS0,100,0.0,0.0,0.0,0.0,0.0,0,0,1.0,0.0,0.0,0.0,0.0,0.0,0,0,1.0,0.0,1.0,1.0,1.0,1.0,100,0,1.5777218104420236e-30,156.67,56.5,-100.17,1.0,1.0,2.0024930670994914e-29
Qwen 2.5 7B,MBPP,FS1,100,0.0,0.01,0.01,0.0,0.03,1,0,1.0,0.0,0.01,0.01,0.0,0.03,1,0,1.0,0.0,1.0,1.0,1.0,1.0,100,0,1.5777218104420236e-30,103.27,62.81,-40.46,1.0,1.0,2.0024930670994914e-29
Qwen 2.5 7B,MBPP,FS3,100,0.0,0.0,0.0,0.0,0.0,0,0,1.0,0.0,0.0,0.0,0.0,0.0,0,0,1.0,0.0,1.0,1.0,1.0,1.0,100,0,1.5777218104420236e-30,98.07,57.93,-40.14,1.0,1.0,2.0024930670994914e-29
Qwen 2.5 7B,MBPP,FS5,100,0.0,0.0,0.0,0.0,0.0,0,0,1.0,0.0,0.0,0.0,0.0,0.0,0,0,1.0,0.0,1.0,1.0,1.0,1.0,100,0,1.5777218104420236e-30,92.21,57.99,-34.22,1.0,1.0,2.0024930670994914e-29
Qwen 2.5 7B,MBPP,SC1,100,0.0,0.01,0.01,0.0,0.03,1,0,1.0,0.0,0.01,0.01,0.0,0.03,1,0,1.0,0.01,1.0,0.99,0.97,1.0,99,0,3.1554436208840472e-30,109.85,61.76,-48.09,1.0,1.0,3.2540512340366737e-29
Qwen 2.5 7B,MBPP,SC3,100,0.0,0.0,0.0,0.0,0.0,0,0,1.0,0.0,0.0,0.0,0.0,0.0,0,0,1.0,0.02,1.0,0.98,0.95,1.0,98,0,6.310887241768095e-30,335.71,174.12,-161.59,1.0,1.0,5.679798517591285e-29
Qwen 2.5 7B,MBPP,SC5,100,0.0,0.0,0.0,0.0,0.0,0,0,1.0,0.0,0.0,0.0,0.0,0.0,0,0,1.0,0.05,1.0,0.95,0.9,0.99,95,0,5.048709793414476e-29,549.83,302.1,-247.73,1.0,1.0,3.6751637466767138e-28
Qwen 3 0.6B,GSM8K,Zero,100,0.01,0.11,0.1,0.04,0.17,11,1,0.00634765625,0.01,0.11,0.1,0.04,0.17,11,1,0.00634765625,0.4,0.98,0.58,0.48,0.68,59,1,1.0581813203458523e-16,6.84,42.58,35.74,0.018162369039017343,0.047607421875,3.174543961037557e-16
Qwen 3 0.6B,GSM8K,CoT,100,0.19,0.28,0.09,-0.01,0.19,18,9,0.12207812070846558,0.2,0.29,0.09,-0.01,0.19,19,10,0.13604594767093658,0.92,0.91,-0.01,-0.08,0.06,6,7,1.0,61.05,86.69,25.64,0.27098058184166124,0.5180211084393355,1.0
Qwen 3 0.6B,GSM8K,FS0,100,0.2,0.14,-0.06,-0.16,0.04,11,17,0.34492845088243484,0.25,0.16,-0.09,-0.2,0.01,10,19,0.13604594767093658,0.59,0.94,0.35,0.24,0.46,40,5,7.878384167270269e-08,126.85,95.07,-31.78,0.6516777984229208,0.5180211084393355,1.8138605408366435e-07
Qwen 3 0.6B,GSM8K,FS1,100,0.21,0.1,-0.11,-0.2,-0.02,7,18,0.043285250663757324,0.22,0.1,-0.12,-0.22,-0.02,7,19,0.028959274291992188,0.86,1.0,0.14,0.08,0.21,14,0,0.0001220703125,62.63,27.07,-35.56,0.10713099539279938,0.16476828476478314,0.00024169921875
Qwen 3 0.6B,GSM8K,FS3,100,0.22,0.12,-0.1,-0.18,-0.03,3,13,0.021270751953125,0.22,0.13,-0.09,-0.17,-0.01,4,13,0.049041748046875,0.93,0.98,0.05,-0.01,0.11,7,2,0.1796875,52.01,36.68,-15.33,0.056005437323387634,0.245208740234375,0.28058458201892744
Qwen 3 0.6B,GSM8K,FS5,100,0.13,0.1,-0.03,-0.1,0.03,4,7,0.548828125,0.13,0.1,-0.03,-0.1,0.03,4,7,0.548828125,1.0,1.0,0.0,0.0,0.0,0,0,1.0,19.53,29.82,10.29,0.8966004022277227,1.0,1.0
Qwen 3 0.6B,GSM8K,SC1,100,0.13,0.13,0.0,-0.09,0.09,10,10,1.0,0.13,0.14,0.01,-0.08,0.1,11,10,1.0,0.87,0.92,0.05,-0.03,0.14,12,7,0.359283447265625,60.9,87.7,26.8,1.0,1.0,0.5389251708984375
Qwen 3 0.6B,GSM8K,SC3,100,0.19,0.17,-0.02,-0.12,0.08,13,15,0.8505540192127228,0.2,0.17,-0.03,-0.13,0.07,12,15,0.7011080384254456,0.99,0.99,0.0,-0.03,0.03,1,1,1.0,185.24,264.54,79.3,1.0,1.0,1.0
Qwen 3 0.6B,GSM8K,SC5,100,0.2,0.22,0.02,-0.09,0.12,15,13,0.8505540192127228,0.2,0.22,0.02,-0.08,0.12,15,13,0.8505540192127228,1.0,0.99,-0.01,-0.03,0.0,0,1,1.0,298.42,435.31,136.89,1.0,1.0,1.0
Qwen 3 0.6B,StrategyQA,Zero,100,0.48,0.51,0.03,-0.16024999999999978,0.22,50,47,0.8392136618440832,0.48,0.51,0.03,-0.15024999999999977,0.22,50,47,0.8392136618440832,1.0,1.0,0.0,0.0,0.0,0,0,1.0,4.41,4.0,-0.41,1.0,1.0,1.0
Qwen 3 0.6B,StrategyQA,CoT,100,0.0,0.48,0.48,0.38,0.58,48,0,7.105427357601002e-15,0.49,0.48,-0.01,-0.14,0.12,22,23,1.0,0.0,1.0,1.0,1.0,1.0,100,0,1.5777218104420236e-30,3.22,4.0,0.78,1.1723955140041653e-13,1.0,2.0024930670994914e-29
Qwen 3 0.6B,StrategyQA,FS0,100,0.04,0.49,0.45,0.35,0.55,45,0,5.684341886080802e-14,0.49,0.49,0.0,-0.11,0.11,15,15,1.0,0.05,1.0,0.95,0.9,0.99,95,0,5.048709793414476e-29,2.24,4.0,1.76,7.034373084024992e-13,1.0,3.6751637466767138e-28
Qwen 3 0.6B,StrategyQA,FS1,100,0.4,0.44,0.04,-0.12,0.2,38,34,0.7239481457469141,0.49,0.44,-0.05,-0.22,0.12,38,43,0.6569924675863577,0.88,1.0,0.12,0.06,0.19,12,0,0.00048828125,4.6,4.0,-0.6,1.0,1.0,0.0009368186773255814
Qwen 3 0.6B,StrategyQA,FS3,100,0.56,0.51,-0.05,-0.18,0.09,22,27,0.5681724128491652,0.56,0.51,-0.05,-0.18,0.08,22,27,0.5681724128491652,1.0,1.0,0.0,0.0,0.0,0,0,1.0,4.8,4.0,-0.8,0.9191024325501203,1.0,1.0
Qwen 3 0.6B,StrategyQA,FS5,100,0.51,0.51,0.0,0.0,0.0,0,0,1.0,0.51,0.51,0.0,0.0,0.0,0,0,1.0,1.0,1.0,0.0,0.0,0.0,0,0,1.0,4.52,4.0,-0.52,1.0,1.0,1.0
Qwen 3 0.6B,StrategyQA,SC1,100,0.1,0.45,0.35,0.24,0.46,40,5,7.878384167270269e-08,0.49,0.48,-0.01,-0.15,0.13,24,25,1.0,0.15,0.97,0.82,0.74,0.89,82,0,4.1359030627651384e-25,4.23,8.12,3.89,4.5880001915279804e-07,1.0,2.0270019961076668e-24
Qwen 3 0.6B,StrategyQA,SC3,100,0.15,0.49,0.34,0.22,0.46,42,8,1.163555804595262e-06,0.49,0.49,0.0,-0.14,0.14,26,26,1.0,0.35,1.0,0.65,0.55,0.74,65,0,5.421010862427522e-20,10.41,19.7,9.29,5.284037828207842e-06,1.0,1.8765037600710654e-19
Qwen 3 0.6B,StrategyQA,SC5,100,0.19,0.5,0.31,0.19,0.44,41,10,1.4737715885004832e-05,0.49,0.5,0.01,-0.13,0.15,26,25,1.0,0.45,1.0,0.55,0.45,0.65,55,0,5.551115123125783e-17,18.28,37.96,19.68,5.979647018915895e-05,1.0,1.6754890158215014e-16
Qwen 3 0.6B,LogiQA,Zero,100,0.46,0.35,-0.11,-0.22,0.0,11,22,0.08014331245794892,0.46,0.47,0.01,-0.09,0.11,13,12,1.0,1.0,0.81,-0.19,-0.27,-0.12,0,19,3.814697265625e-06,8.84,3.43,-5.41,0.1871270738994562,1.0,8.069551908052885e-06
Qwen 3 0.6B,LogiQA,CoT,100,0.41,0.46,0.05,-0.06,0.15,17,12,0.45825831964612007,0.42,0.46,0.04,-0.07,0.15,17,13,0.5846647117286922,0.99,1.0,0.01,0.0,0.03,1,0,1.0,12.6,4.0,-8.6,0.7987248881155966,1.0,1.0
Qwen 3 0.6B,LogiQA,FS0,100,0.29,0.47,0.18,0.07,0.29,27,9,0.00393317302223295,0.29,0.47,0.18,0.07,0.29,27,9,0.00393317302223295,1.0,1.0,0.0,0.0,0.0,0,0,1.0,11.74,4.0,-7.74,0.01152024050890716,0.0319167319017264,1.0
Qwen 3 0.6B,LogiQA,FS1,100,0.41,0.39,-0.02,-0.13,0.09,16,18,0.8641662404406816,0.41,0.39,-0.02,-0.13,0.09,16,18,0.8641662404406816,1.0,1.0,0.0,0.0,0.0,0,0,1.0,4.0,4.0,0.0,1.0,1.0,1.0
Qwen 3 0.6B,LogiQA,FS3,100,0.38,0.41,0.03,-0.09,0.15,20,17,0.7428293587290682,0.38,0.41,0.03,-0.09,0.15,20,17,0.7428293587290682,1.0,1.0,0.0,0.0,0.0,0,0,1.0,4.0,4.0,0.0,1.0,1.0,1.0
Qwen 3 0.6B,LogiQA,FS5,100,0.33,0.41,0.08,-0.02,0.18,18,10,0.1849333420395851,0.33,0.41,0.08,-0.02,0.18,18,10,0.1849333420395851,1.0,1.0,0.0,0.0,0.0,0,0,1.0,4.05,4.0,-0.05,0.3912051466221993,0.6372607484155771,1.0
Qwen 3 0.6B,LogiQA,SC1,100,0.41,0.39,-0.02,-0.13,0.1,16,18,0.8641662404406816,0.43,0.39,-0.04,-0.15,0.08,15,19,0.6075913612730801,0.91,1.0,0.09,0.04,0.15,9,0,0.00390625,18.93,4.0,-14.93,1.0,1.0,0.007108800551470588
Qwen 3 0.6B,LogiQA,SC3,100,0.37,0.44,0.07,-0.04,0.18,20,13,0.296206368599087,0.37,0.44,0.07,-0.04,0.18,20,13,0.296206368599087,0.94,1.0,0.06,0.02,0.11,6,0,0.03125,62.84,12.0,-50.84,0.5795341994329963,0.8330804116849322,0.052614795918367346
Qwen 3 0.6B,LogiQA,SC5,100,0.36,0.43,0.07,-0.05,0.19,23,16,0.3367836351899315,0.39,0.43,0.04,-0.08,0.16,22,18,0.6358280026288412,0.88,1.0,0.12,0.06,0.19,12,0,0.00048828125,106.64,20.0,-86.64,0.6461546489109151,1.0,0.0009368186773255814
Qwen 3 0.6B,MBPP,Zero,100,0.02,0.05,0.03,-0.01,0.08,4,1,0.375,0.02,0.05,0.03,-0.01,0.08,4,1,0.375,1.0,1.0,0.0,0.0,0.0,0,0,1.0,33.89,39.34,5.45,0.6978383458646616,0.942258883248731,1.0
Qwen 3 0.6B,MBPP,CoT,100,0.02,0.04,0.02,-0.02,0.06,3,1,0.625,0.02,0.04,0.02,-0.02,0.06,3,1,0.625,1.0,1.0,0.0,0.0,0.0,0,0,1.0,31.33,37.47,6.14,0.9792295653873461,1.0,1.0
Qwen 3 0.6B,MBPP,FS0,100,0.02,0.05,0.03,-0.01,0.07,4,1,0.375,0.02,0.05,0.03,-0.01,0.08,4,1,0.375,1.0,0.99,-0.01,-0.03,0.0,0,1,1.0,37.66,44.49,6.83,0.6978383458646616,0.942258883248731,1.0
Qwen 3 0.6B,MBPP,FS1,100,0.01,0.01,0.0,0.0,0.0,0,0,1.0,0.01,0.01,0.0,0.0,0.0,0,0,1.0,0.99,0.99,0.0,-0.03,0.03,1,1,1.0,35.2,36.1,0.9,1.0,1.0,1.0
Qwen 3 0.6B,MBPP,FS3,100,0.03,0.05,0.02,-0.02,0.06,3,1,0.625,0.03,0.05,0.02,-0.02,0.06,3,1,0.625,1.0,0.99,-0.01,-0.03,0.0,0,1,1.0,43.22,41.89,-1.33,0.9792295653873461,1.0,1.0
Qwen 3 0.6B,MBPP,FS5,100,0.03,0.04,0.01,-0.02,0.04,2,1,1.0,0.03,0.04,0.01,-0.02,0.04,2,1,1.0,1.0,0.99,-0.01,-0.03,0.0,0,1,1.0,40.21,40.94,0.73,1.0,1.0,1.0
Qwen 3 0.6B,MBPP,SC1,100,0.03,0.01,-0.02,-0.05,0.0,0,2,0.5,0.03,0.01,-0.02,-0.05,0.0,0,2,0.5,1.0,1.0,0.0,0.0,0.0,0,0,1.0,31.23,42.21,10.98,0.8333333333333334,1.0,1.0
Qwen 3 0.6B,MBPP,SC3,100,0.02,0.04,0.02,0.0,0.05,2,0,0.5,0.02,0.04,0.02,0.0,0.05,2,0,0.5,0.99,1.0,0.01,0.0,0.03,1,0,1.0,102.6,127.16,24.56,0.8333333333333334,1.0,1.0
Qwen 3 0.6B,MBPP,SC5,100,0.03,0.04,0.01,-0.03,0.05,3,2,1.0,0.03,0.04,0.01,-0.03,0.05,3,2,1.0,1.0,1.0,0.0,0.0,0.0,0,0,1.0,173.26,208.85,35.59,1.0,1.0,1.0
Qwen 3 1.7B,GSM8K,Zero,100,0.51,0.44,-0.07,-0.18,0.04,13,20,0.296206368599087,0.59,0.45,-0.14,-0.25,-0.03,11,25,0.028816719655878845,0.7,0.84,0.14,0.05,0.24,20,6,0.009355306625366211,115.92,110.35,-5.57,0.5795341994329963,0.16476828476478314,0.016657830142288756
Qwen 3 1.7B,GSM8K,CoT,100,0.51,0.45,-0.06,-0.18,0.05,15,21,0.4050322461407632,0.51,0.45,-0.06,-0.18,0.06,15,21,0.4050322461407632,1.0,0.93,-0.07,-0.12,-0.02,0,7,0.015625,63.29,95.78,32.49,0.7343991276178674,0.9876402061067872,0.02694904181184669
Qwen 3 1.7B,GSM8K,FS0,100,0.05,0.38,0.33,0.24,0.42,33,0,2.3283064365386963e-10,0.45,0.41,-0.04,-0.14,0.06,11,15,0.557197093963623,0.08,0.74,0.66,0.57,0.75,66,0,2.710505431213761e-20,133.26,124.42,-8.84,1.7201666956517233e-09,1.0,9.652519341372746e-20
Qwen 3 1.7B,GSM8K,FS1,100,0.41,0.39,-0.02,-0.13,0.09,14,16,0.8555355519056321,0.44,0.41,-0.03,-0.13,0.07,12,15,0.7011080384254456,0.56,0.88,0.32,0.22,0.42,35,3,6.677873898297548e-08,124.27,114.69,-9.58,1.0,1.0,1.5446484017090123e-07
Qwen 3 1.7B,GSM8K,FS3,100,0.46,0.28,-0.18,-0.31,-0.05,14,32,0.011351591436778108,0.49,0.29,-0.2,-0.32,-0.08,12,32,0.003657766827927844,0.67,0.99,0.32,0.23,0.41,33,1,4.0745362639427185e-09,118.86,49.05,-69.81,0.031745976052006575,0.0317648171898997,9.838514393422662e-09
Qwen 3 1.7B,GSM8K,FS5,100,0.51,0.29,-0.22,-0.33,-0.1,9,31,0.0006795482549932785,0.56,0.29,-0.27,-0.39,-0.15,8,35,4.1934157934520044e-05,0.71,0.99,0.28,0.19,0.37,28,0,7.450580596923828e-09,120.83,51.92,-68.91,0.002227658186898496,0.0005765946715996506,1.7816605775252632e-08
Qwen 3 1.7B,GSM8K,SC1,100,0.55,0.33,-0.22,-0.35,-0.09,12,34,0.0016414913408482334,0.55,0.34,-0.21,-0.33,-0.08,12,33,0.002458900322096724,1.0,0.92,-0.08,-0.14,-0.03,0,8,0.0078125,64.17,99.09,34.92,0.005110303230942613,0.023292252477609885,0.01396096570397112
Qwen 3 1.7B,GSM8K,SC3,100,0.57,0.36,-0.21,-0.31,-0.12,4,25,0.00010371580719947815,0.57,0.36,-0.21,-0.31,-0.11,4,25,0.00010371580719947815,1.0,1.0,0.0,0.0,0.0,0,0,1.0,188.05,282.89,94.84,0.0003693476587319546,0.001283483114093542,1.0
Qwen 3 1.7B,GSM8K,SC5,100,0.57,0.48,-0.09,-0.19,0.02,10,19,0.13604594767093658,0.57,0.48,-0.09,-0.19,0.01,10,19,0.13604594767093658,1.0,1.0,0.0,0.0,0.0,0,0,1.0,311.91,463.23,151.32,0.2953629127066386,0.5180211084393355,1.0
Qwen 3 1.7B,StrategyQA,Zero,100,0.56,0.56,0.0,-0.03,0.03,1,1,1.0,0.56,0.56,0.0,-0.03,0.03,1,1,1.0,1.0,0.99,-0.01,-0.03,0.0,0,1,1.0,4.0,4.02,0.02,1.0,1.0,1.0
Qwen 3 1.7B,StrategyQA,CoT,100,0.09,0.61,0.52,0.41,0.62,54,2,4.4325654258159375e-14,0.56,0.61,0.05,-0.08,0.18,24,19,0.542384011856484,0.12,1.0,0.88,0.81,0.94,88,0,6.462348535570529e-27,7.48,4.0,-3.48,6.268913959368255e-13,1.0,3.6350710512584224e-26
Qwen 3 1.7B,StrategyQA,FS0,100,0.27,0.59,0.32,0.21,0.43,37,5,4.4337048166198656e-07,0.5,0.59,0.09,-0.03,0.21,24,15,0.19959086691960698,0.53,1.0,0.47,0.37,0.57,47,0,1.4210854715202004e-14,5.35,4.0,-1.35,2.310193562344035e-06,0.6630703296993655,3.974222081370052e-14
Qwen 3 1.7B,StrategyQA,FS1,100,0.25,0.57,0.32,0.2,0.44,39,7,1.831543272601266e-06,0.56,0.57,0.01,-0.09,0.11,14,13,1.0,0.45,1.0,0.55,0.45,0.65,55,0,5.551115123125783e-17,3.59,4.0,0.41,8.241944726705697e-06,1.0,1.6754890158215014e-16
Qwen 3 1.7B,StrategyQA,FS3,100,0.31,0.57,0.26,0.14,0.37,34,8,6.87711149112147e-05,0.56,0.57,0.01,-0.1,0.12,17,16,1.0,0.6,1.0,0.4,0.31,0.5,40,0,1.8189894035458565e-12,3.11,4.0,0.89,0.0002533296955174164,1.0,4.6412358492536025e-12
Qwen 3 1.7B,StrategyQA,FS5,100,0.52,0.55,0.03,-0.1,0.15,23,20,0.7607916425613439,0.56,0.55,-0.01,-0.14,0.12,21,22,1.0,0.96,1.0,0.04,0.01,0.08,4,0,0.125,3.98,4.0,0.02,1.0,1.0,0.19642857142857142
Qwen 3 1.7B,StrategyQA,SC1,100,0.08,0.56,0.48,0.37,0.58,50,2,6.123990203832363e-13,0.55,0.56,0.01,-0.12,0.14,23,22,1.0,0.14,1.0,0.86,0.79,0.92,86,0,2.5849394142282115e-26,8.0,4.0,-4.0,7.049709653248883e-12,1.0,1.375854849508564e-25
Qwen 3 1.7B,StrategyQA,SC3,100,0.12,0.6,0.48,0.37,0.59,51,3,2.9187763317395365e-12,0.54,0.6,0.06,-0.06,0.18,22,16,0.417692190836533,0.24,1.0,0.76,0.67,0.84,76,0,2.6469779601696886e-23,25.15,12.0,-13.15,2.8329299690413148e-11,1.0,1.119875290841022e-22
Qwen 3 1.7B,StrategyQA,SC5,100,0.18,0.61,0.43,0.32,0.54,47,4,2.4163071543625847e-10,0.58,0.61,0.03,-0.09,0.15024999999999636,22,19,0.755228657504631,0.29,1.0,0.71,0.62,0.8,71,0,8.470329472543003e-22,40.98,20.0,-20.98,1.7589294726609993e-09,1.0,3.301427629062037e-21
Qwen 3 1.7B,LogiQA,Zero,100,0.27,0.48,0.21,0.12,0.3,23,2,1.9431114196777344e-05,0.36,0.48,0.12,0.03,0.21,18,6,0.022655844688415527,0.6,1.0,0.4,0.3,0.49,40,0,1.8189894035458565e-12,68.98,4.05,-64.93,7.573544509767548e-05,0.13511618217789984,4.6412358492536025e-12
Qwen 3 1.7B,LogiQA,CoT,100,0.37,0.46,0.09,0.0,0.18024999999999636,16,7,0.0931396484375,0.45,0.46,0.01,-0.07,0.09,8,7,1.0,0.89,1.0,0.11,0.05,0.17,11,0,0.0009765625,44.79,4.0,-40.79,0.2154398410119743,1.0,0.0018380168726235741
Qwen 3 1.7B,LogiQA,FS0,100,0.22,0.49,0.27,0.17,0.37,31,4,3.4654513001441956e-06,0.37,0.49,0.12,0.02,0.22,20,8,0.03569813817739487,0.45,1.0,0.55,0.45,0.65,55,0,5.551115123125783e-17,45.65,4.0,-41.65,1.4916507770185886e-05,0.19000621933129527,1.6754890158215014e-16
Qwen 3 1.7B,LogiQA,FS1,100,0.09,0.43,0.34,0.25,0.43,34,0,1.1641532182693481e-10,0.26,0.43,0.17,0.05,0.29,29,12,0.011507789735333063,0.2,1.0,0.8,0.72,0.87,80,0,1.6543612251060553e-24,85.38,4.0,-81.38,9.00399754755199e-10,0.07595141225319821,7.582488948402753e-24
Qwen 3 1.7B,LogiQA,FS3,100,0.21,0.46,0.25,0.16,0.34,26,1,4.172325134277344e-07,0.29,0.46,0.17,0.07,0.27,24,7,0.003326892852783203,0.46,1.0,0.54,0.44,0.64,54,0,1.1102230246251565e-16,55.24,4.0,-51.24,2.220753700502457e-06,0.029407356466565813,3.271192840413408e-16
Qwen 3 1.7B,LogiQA,FS5,100,0.21,0.21,0.0,0.0,0.0,0,0,1.0,0.21,0.21,0.0,0.0,0.0,0,0,1.0,1.0,1.0,0.0,0.0,0.0,0,0,1.0,96.0,96.0,0.0,1.0,1.0,1.0
Qwen 3 1.7B,LogiQA,SC1,100,0.36,0.46,0.1,-0.01,0.21,22,12,0.12144948495551944,0.45,0.46,0.01,-0.09,0.11,14,13,1.0,0.86,0.99,0.13,0.07,0.2,13,0,0.000244140625,46.17,4.0,-42.17,0.27079952726568524,1.0,0.0004757858636811024
Qwen 3 1.7B,LogiQA,SC3,100,0.43,0.39,-0.04,-0.13,0.05,9,13,0.5234670639038086,0.47,0.39,-0.08,-0.16,0.0,5,13,0.09625244140625,0.93,1.0,0.07,0.02,0.12,7,0,0.015625,144.77,12.0,-132.77,0.8580006511006134,0.4143039869225543,0.02694904181184669
Qwen 3 1.7B,LogiQA,SC5,100,0.42,0.38,-0.04,-0.15,0.06,12,16,0.5715881884098053,0.45,0.38,-0.07,-0.17,0.03,10,17,0.24778856337070465,0.97,1.0,0.03,0.0,0.07,3,0,0.25,238.11,20.0,-218.11,0.9216161344066893,0.7545731707317073,0.37844036697247707
Qwen 3 1.7B,MBPP,Zero,100,0.0,0.0,0.0,0.0,0.0,0,0,1.0,0.0,0.0,0.0,0.0,0.0,0,0,1.0,0.96,0.95,-0.01,-0.06,0.04,3,4,1.0,60.84,61.17,0.33,1.0,1.0,1.0
Qwen 3 1.7B,MBPP,CoT,100,0.0,0.01,0.01,0.0,0.03,1,0,1.0,0.0,0.01,0.01,0.0,0.03,1,0,1.0,0.96,0.97,0.01,-0.03,0.05,3,2,1.0,78.62,57.37,-21.25,1.0,1.0,1.0
Qwen 3 1.7B,MBPP,FS0,100,0.0,0.0,0.0,0.0,0.0,0,0,1.0,0.0,0.0,0.0,0.0,0.0,0,0,1.0,0.0,0.28,0.28,0.2,0.37,28,0,7.450580596923828e-09,72.99,56.3,-16.69,1.0,1.0,1.7816605775252632e-08
Qwen 3 1.7B,MBPP,FS1,100,0.0,0.0,0.0,0.0,0.0,0,0,1.0,0.0,0.0,0.0,0.0,0.0,0,0,1.0,0.0,0.69,0.69,0.6,0.78,69,0,3.3881317890172014e-21,68.34,61.86,-6.48,1.0,1.0,1.2802482714225303e-20
Qwen 3 1.7B,MBPP,FS3,100,0.0,0.0,0.0,0.0,0.0,0,0,1.0,0.0,0.0,0.0,0.0,0.0,0,0,1.0,0.0,0.91,0.91,0.85,0.96,91,0,8.077935669463161e-28,54.73,53.43,-1.3,1.0,1.0,4.936516242449709e-27
Qwen 3 1.7B,MBPP,FS5,100,0.0,0.0,0.0,0.0,0.0,0,0,1.0,0.0,0.0,0.0,0.0,0.0,0,0,1.0,0.0,0.53,0.53,0.43,0.63,53,0,2.220446049250313e-16,59.18,51.41,-7.77,1.0,1.0,6.46541643752297e-16
Qwen 3 1.7B,MBPP,SC1,100,0.0,0.0,0.0,0.0,0.0,0,0,1.0,0.0,0.0,0.0,0.0,0.0,0,0,1.0,0.97,1.0,0.03,0.0,0.07,3,0,0.25,81.11,52.9,-28.21,1.0,1.0,0.37844036697247707
Qwen 3 1.7B,MBPP,SC3,100,0.0,0.0,0.0,0.0,0.0,0,0,1.0,0.0,0.0,0.0,0.0,0.0,0,0,1.0,0.99,1.0,0.01,0.0,0.03,1,0,1.0,241.25,163.61,-77.64,1.0,1.0,1.0
Qwen 3 1.7B,MBPP,SC5,100,0.0,0.01,0.01,0.0,0.03,1,0,1.0,0.0,0.01,0.01,0.0,0.03,1,0,1.0,0.98,1.0,0.02,0.0,0.05,2,0,0.5,403.33,291.38,-111.95,1.0,1.0,0.7112068965517241
Qwen 3.5 0.8B,GSM8K,Zero,100,0.05,0.05,0.0,0.0,0.0,0,0,1.0,0.06,0.06,0.0,0.0,0.0,0,0,1.0,0.55,0.55,0.0,0.0,0.0,0,0,1.0,76.81,76.81,0.0,1.0,1.0,1.0
Qwen 3.5 0.8B,GSM8K,CoT,100,0.08,0.08,0.0,0.0,0.0,0,0,1.0,0.08,0.08,0.0,0.0,0.0,0,0,1.0,0.99,0.99,0.0,0.0,0.0,0,0,1.0,35.87,35.87,0.0,1.0,1.0,1.0
Qwen 3.5 0.8B,GSM8K,FS0,100,0.02,0.02,0.0,0.0,0.0,0,0,1.0,0.05,0.05,0.0,0.0,0.0,0,0,1.0,0.03,0.03,0.0,0.0,0.0,0,0,1.0,159.15,159.15,0.0,1.0,1.0,1.0
Qwen 3.5 0.8B,GSM8K,FS1,100,0.01,0.01,0.0,0.0,0.0,0,0,1.0,0.03,0.02,-0.01,-0.03,0.0,0,1,1.0,0.01,0.01,0.0,0.0,0.0,0,0,1.0,159.97,159.97,0.0,1.0,1.0,1.0
Qwen 3.5 0.8B,GSM8K,FS3,100,0.0,0.0,0.0,0.0,0.0,0,0,1.0,0.02,0.02,0.0,0.0,0.0,0,0,1.0,0.0,0.0,0.0,0.0,0.0,0,0,1.0,160.0,160.0,0.0,1.0,1.0,1.0
Qwen 3.5 0.8B,GSM8K,FS5,100,0.0,0.0,0.0,0.0,0.0,0,0,1.0,0.06,0.06,0.0,0.0,0.0,0,0,1.0,0.01,0.01,0.0,0.0,0.0,0,0,1.0,160.0,160.0,0.0,1.0,1.0,1.0
Qwen 3.5 0.8B,GSM8K,SC1,100,0.08,0.13,0.05,-0.03,0.13,11,6,0.332305908203125,0.08,0.13,0.05,-0.03,0.13,11,6,0.332305908203125,0.88,0.78,-0.1,-0.2,0.0,8,18,0.07551869750022888,66.43,73.51,7.08,0.640044453542984,0.9011237806433302,0.12296630020596479
Qwen 3.5 0.8B,GSM8K,SC3,100,0.12,0.11,-0.01,-0.09,0.06024999999999636,7,8,1.0,0.12,0.11,-0.01,-0.09,0.07,7,8,1.0,1.0,0.98,-0.02,-0.05,0.0,0,2,0.5,216.82,237.7,20.88,1.0,1.0,0.7112068965517241
Qwen 3.5 0.8B,GSM8K,SC5,100,0.12,0.16,0.04,-0.04,0.12,10,6,0.454498291015625,0.12,0.16,0.04,-0.04,0.12,10,6,0.454498291015625,1.0,1.0,0.0,0.0,0.0,0,0,1.0,381.71,377.63,-4.08,0.7987248881155966,1.0,1.0
Qwen 3.5 0.8B,StrategyQA,Zero,100,0.06,0.05,-0.01,-0.03,0.0,0,1,1.0,0.45,0.44,-0.01,-0.03,0.0,0,1,1.0,0.12,0.11,-0.01,-0.03,0.0,0,1,1.0,1.36,1.33,-0.03,1.0,1.0,1.0
Qwen 3.5 0.8B,StrategyQA,CoT,100,0.0,0.0,0.0,0.0,0.0,0,0,1.0,0.49,0.49,0.0,0.0,0.0,0,0,1.0,0.0,0.0,0.0,0.0,0.0,0,0,1.0,1.0,1.0,0.0,1.0,1.0,1.0
Qwen 3.5 0.8B,StrategyQA,FS0,100,0.0,0.0,0.0,0.0,0.0,0,0,1.0,0.5,0.5,0.0,0.0,0.0,0,0,1.0,0.0,0.0,0.0,0.0,0.0,0,0,1.0,1.0,1.0,0.0,1.0,1.0,1.0
Qwen 3.5 0.8B,StrategyQA,FS1,100,0.0,0.0,0.0,0.0,0.0,0,0,1.0,0.5,0.5,0.0,0.0,0.0,0,0,1.0,0.0,0.0,0.0,0.0,0.0,0,0,1.0,1.0,1.0,0.0,1.0,1.0,1.0
Qwen 3.5 0.8B,StrategyQA,FS3,100,0.0,0.0,0.0,0.0,0.0,0,0,1.0,0.49,0.49,0.0,0.0,0.0,0,0,1.0,0.0,0.0,0.0,0.0,0.0,0,0,1.0,1.0,1.0,0.0,1.0,1.0,1.0
Qwen 3.5 0.8B,StrategyQA,FS5,100,0.0,0.0,0.0,0.0,0.0,0,0,1.0,0.49,0.49,0.0,0.0,0.0,0,0,1.0,0.0,0.0,0.0,0.0,0.0,0,0,1.0,1.0,1.0,0.0,1.0,1.0,1.0
Qwen 3.5 0.8B,StrategyQA,SC1,100,0.01,0.0,-0.01,-0.03,0.0,0,1,1.0,0.5,0.47,-0.03,-0.16,0.1,20,23,0.7607916425613439,0.01,0.0,-0.01,-0.03,0.0,0,1,1.0,1.95,2.01,0.06,1.0,1.0,1.0
Qwen 3.5 0.8B,StrategyQA,SC3,100,0.0,0.0,0.0,0.0,0.0,0,0,1.0,0.52,0.44,-0.08,-0.2,0.03,14,22,0.24298495403490966,0.01,0.0,-0.01,-0.03,0.0,0,1,1.0,3.97,4.08,0.11,1.0,0.7545731707317073,1.0
Qwen 3.5 0.8B,StrategyQA,SC5,100,0.01,0.0,-0.01,-0.03,0.0,0,1,1.0,0.5,0.51,0.01,-0.11,0.13,19,18,1.0,0.01,0.04,0.03,-0.01,0.08,4,1,0.375,7.91,7.25,-0.66,1.0,1.0,0.5591114457831325
Qwen 3.5 0.8B,LogiQA,Zero,100,0.43,0.43,0.0,-0.1,0.11,14,14,1.0,0.43,0.43,0.0,-0.1,0.11,14,14,1.0,0.97,1.0,0.03,0.0,0.07,3,0,0.25,6.76,4.0,-2.76,1.0,1.0,0.37844036697247707
Qwen 3.5 0.8B,LogiQA,CoT,100,0.28,0.47,0.19,0.08,0.3,26,7,0.0013187271542847157,0.29,0.47,0.18,0.07,0.29,26,8,0.0029350556433200836,0.97,1.0,0.03,0.0,0.07,3,0,0.25,11.43,4.0,-7.43,0.004184422701095732,0.026415500789880753,0.37844036697247707
Qwen 3.5 0.8B,LogiQA,FS0,100,0.0,0.4,0.4,0.3,0.5,40,0,1.8189894035458565e-12,0.1,0.4,0.3,0.19,0.41,35,5,1.382612026645802e-06,0.0,1.0,1.0,1.0,1.0,100,0,1.5777218104420236e-30,96.0,4.0,-92.0,1.8758328224066645e-11,2.8516373049569665e-05,2.0024930670994914e-29
Qwen 3.5 0.8B,LogiQA,FS1,100,0.0,0.36,0.36,0.27,0.46,36,0,2.9103830456733704e-11,0.11,0.36,0.25,0.15,0.35,30,5,2.2361520677804947e-05,0.0,1.0,1.0,1.0,1.0,100,0,1.5777218104420236e-30,96.0,4.0,-92.0,2.44176204679376e-10,0.0003354228101670742,2.0024930670994914e-29
Qwen 3.5 0.8B,LogiQA,FS3,100,0.0,0.43,0.43,0.33,0.53,43,0,2.2737367544323206e-13,0.07,0.43,0.36,0.25,0.47,40,4,1.7051434042514302e-08,0.0,1.0,1.0,1.0,1.0,100,0,1.5777218104420236e-30,96.0,4.0,-92.0,2.6797611748666637e-12,7.673145319131436e-07,2.0024930670994914e-29
Qwen 3.5 0.8B,LogiQA,FS5,100,0.0,0.46,0.46,0.36,0.56,46,0,2.842170943040401e-14,0.14,0.46,0.32,0.21,0.43,37,5,4.4337048166198656e-07,0.0,1.0,1.0,1.0,1.0,100,0,1.5777218104420236e-30,96.0,4.0,-92.0,4.137866520014701e-13,1.2909905201334314e-05,2.0024930670994914e-29
Qwen 3.5 0.8B,LogiQA,SC1,100,0.29,0.39,0.1,-0.02,0.22,24,14,0.14330665429588407,0.36,0.39,0.03,-0.09,0.15,20,17,0.7428293587290682,0.79,1.0,0.21,0.13,0.29,21,0,9.5367431640625e-07,36.88,4.0,-32.88,0.3097676588491817,1.0,2.0795981789475494e-06
Qwen 3.5 0.8B,LogiQA,SC3,100,0.28,0.42,0.14,0.02,0.26,27,13,0.03847730828420026,0.33,0.42,0.09,-0.03,0.21,24,15,0.19959086691960698,0.82,1.0,0.18,0.11,0.26,18,0,7.62939453125e-06,102.43,12.0,-90.43,0.09619327071050066,0.6630703296993655,1.586785837381828e-05
Qwen 3.5 0.8B,LogiQA,SC5,100,0.19,0.43,0.24,0.12,0.36,32,8,0.0001821658297558315,0.25,0.43,0.18,0.06,0.29,28,10,0.0050976432976312935,0.73,1.0,0.27,0.19,0.36,27,0,1.4901161193847656e-08,172.36,20.0,-152.36,0.0006350146882333563,0.038820514343499854,3.546189803343553e-08
Qwen 3.5 0.8B,MBPP,Zero,100,0.02,0.01,-0.01,-0.03,0.0,0,1,1.0,0.02,0.01,-0.01,-0.03,0.0,0,1,1.0,0.95,1.0,0.05,0.01,0.1,5,0,0.0625,74.78,43.65,-31.13,1.0,1.0,0.10278239202657807
Qwen 3.5 0.8B,MBPP,CoT,100,0.02,0.02,0.0,-0.03,0.03,1,1,1.0,0.02,0.02,0.0,-0.03,0.03,1,1,1.0,0.81,1.0,0.19,0.12,0.27,19,0,3.814697265625e-06,233.23,45.46,-187.77,1.0,1.0,8.069551908052885e-06
Qwen 3.5 0.8B,MBPP,FS0,100,0.02,0.02,0.0,-0.03,0.03,1,1,1.0,0.02,0.02,0.0,-0.03,0.03,1,1,1.0,0.91,1.0,0.09,0.04,0.15,9,0,0.00390625,100.99,49.46,-51.53,1.0,1.0,0.007108800551470588
Qwen 3.5 0.8B,MBPP,FS1,100,0.0,0.01,0.01,0.0,0.03,1,0,1.0,0.0,0.01,0.01,0.0,0.03,1,0,1.0,0.87,0.99,0.12,0.06,0.19,13,1,0.0018310546875,90.46,43.45,-47.01,1.0,1.0,0.0034332275390625
Qwen 3.5 0.8B,MBPP,FS3,100,0.01,0.03,0.02,0.0,0.05,2,0,0.5,0.01,0.03,0.02,0.0,0.05,2,0,0.5,0.92,0.98,0.06,0.0,0.12,8,2,0.109375,70.96,53.75,-17.21,0.8333333333333334,1.0,0.17635382736156352
Qwen 3.5 0.8B,MBPP,FS5,100,0.0,0.03,0.03,0.0,0.07,3,0,0.25,0.0,0.03,0.03,0.0,0.07,3,0,0.25,0.95,1.0,0.05,0.01,0.1,5,0,0.0625,63.34,44.02,-19.32,0.5030487804878049,0.7545731707317073,0.10278239202657807
Qwen 3.5 0.8B,MBPP,SC1,100,0.0,0.01,0.01,0.0,0.03,1,0,1.0,0.0,0.01,0.01,0.0,0.03,1,0,1.0,0.83,0.98,0.15,0.07,0.23,17,2,0.000728607177734375,233.83,57.66,-176.17,1.0,1.0,0.0013871559729942908
Qwen 3.5 0.8B,MBPP,SC3,100,0.02,0.0,-0.02,-0.05,0.0,0,2,0.5,0.02,0.0,-0.02,-0.05,0.0,0,2,0.5,0.77,1.0,0.23,0.15,0.32,23,0,2.384185791015625e-07,771.38,151.53,-619.85,0.8333333333333334,1.0,5.340144645034997e-07
Qwen 3.5 0.8B,MBPP,SC5,100,0.0,0.02,0.02,0.0,0.05,2,0,0.5,0.0,0.02,0.02,0.0,0.05,2,0,0.5,0.81,1.0,0.19,0.12,0.27,19,0,3.814697265625e-06,1236.07,260.69,-975.38,0.8333333333333334,1.0,8.069551908052885e-06
Qwen 3.5 2B,GSM8K,Zero,100,0.09,0.09,0.0,0.0,0.0,0,0,1.0,0.09,0.09,0.0,0.0,0.0,0,0,1.0,1.0,1.0,0.0,0.0,0.0,0,0,1.0,6.87,6.87,0.0,1.0,1.0,1.0
Qwen 3.5 2B,GSM8K,CoT,100,0.56,0.56,0.0,0.0,0.0,0,0,1.0,0.57,0.57,0.0,0.0,0.0,0,0,1.0,0.95,0.95,0.0,0.0,0.0,0,0,1.0,99.56,99.56,0.0,1.0,1.0,1.0
Qwen 3.5 2B,GSM8K,FS0,100,0.14,0.14,0.0,0.0,0.0,0,0,1.0,0.19,0.19,0.0,0.0,0.0,0,0,1.0,0.22,0.22,0.0,0.0,0.0,0,0,1.0,153.2,153.2,0.0,1.0,1.0,1.0
Qwen 3.5 2B,GSM8K,FS1,100,0.15,0.15,0.0,0.0,0.0,0,0,1.0,0.2,0.2,0.0,0.0,0.0,0,0,1.0,0.2,0.2,0.0,0.0,0.0,0,0,1.0,153.45,153.45,0.0,1.0,1.0,1.0
Qwen 3.5 2B,GSM8K,FS3,100,0.15,0.15,0.0,0.0,0.0,0,0,1.0,0.19,0.19,0.0,0.0,0.0,0,0,1.0,0.21,0.21,0.0,0.0,0.0,0,0,1.0,153.42,153.42,0.0,1.0,1.0,1.0
Qwen 3.5 2B,GSM8K,FS5,100,0.17,0.17,0.0,0.0,0.0,0,0,1.0,0.22,0.22,0.0,0.0,0.0,0,0,1.0,0.24,0.24,0.0,0.0,0.0,0,0,1.0,152.24,152.24,0.0,1.0,1.0,1.0
Qwen 3.5 2B,GSM8K,SC1,100,0.44,0.49,0.05,-0.05,0.16,17,12,0.45825831964612007,0.44,0.51,0.07,-0.03,0.17,18,11,0.26493089646101,0.87,0.84,-0.03,-0.12,0.05,8,11,0.6476058959960938,98.53,103.67,5.14,0.7987248881155966,0.7759810280958577,0.9055506172826735
Qwen 3.5 2B,GSM8K,SC3,100,0.51,0.44,-0.07,-0.16,0.02,7,14,0.18924713134765625,0.51,0.44,-0.07,-0.16,0.02,7,14,0.18924713134765625,0.99,0.98,-0.01,-0.05,0.02,1,2,1.0,303.57,302.86,-0.71,0.3986269362429355,0.6372607484155771,1.0
Qwen 3.5 2B,GSM8K,SC5,100,0.61,0.64,0.03,-0.05,0.12,11,8,0.6476058959960938,0.61,0.64,0.03,-0.05,0.12,11,8,0.6476058959960938,1.0,1.0,0.0,0.0,0.0,0,0,1.0,491.62,511.72,20.1,1.0,1.0,1.0
Qwen 3.5 2B,StrategyQA,Zero,100,0.53,0.53,0.0,0.0,0.0,0,0,1.0,0.53,0.53,0.0,0.0,0.0,0,0,1.0,1.0,1.0,0.0,0.0,0.0,0,0,1.0,4.0,4.0,0.0,1.0,1.0,1.0
Qwen 3.5 2B,StrategyQA,CoT,100,0.36,0.36,0.0,0.0,0.0,0,0,1.0,0.52,0.52,0.0,0.0,0.0,0,0,1.0,0.66,0.66,0.0,0.0,0.0,0,0,1.0,21.26,21.26,0.0,1.0,1.0,1.0
Qwen 3.5 2B,StrategyQA,FS0,100,0.0,0.0,0.0,0.0,0.0,0,0,1.0,0.51,0.51,0.0,0.0,0.0,0,0,1.0,0.0,0.0,0.0,0.0,0.0,0,0,1.0,1.0,1.0,0.0,1.0,1.0,1.0
Qwen 3.5 2B,StrategyQA,FS1,100,0.12,0.12,0.0,0.0,0.0,0,0,1.0,0.52,0.52,0.0,0.0,0.0,0,0,1.0,0.22,0.22,0.0,0.0,0.0,0,0,1.0,1.66,1.66,0.0,1.0,1.0,1.0
Qwen 3.5 2B,StrategyQA,FS3,100,0.08,0.08,0.0,0.0,0.0,0,0,1.0,0.51,0.51,0.0,0.0,0.0,0,0,1.0,0.11,0.11,0.0,0.0,0.0,0,0,1.0,1.33,1.33,0.0,1.0,1.0,1.0
Qwen 3.5 2B,StrategyQA,FS5,100,0.22,0.22,0.0,0.0,0.0,0,0,1.0,0.5,0.5,0.0,0.0,0.0,0,0,1.0,0.4,0.4,0.0,0.0,0.0,0,0,1.0,2.2,2.2,0.0,1.0,1.0,1.0
Qwen 3.5 2B,StrategyQA,SC1,100,0.22,0.24,0.02,-0.08,0.12,14,12,0.8450189828872681,0.44,0.46,0.02,-0.1,0.14,19,17,0.8679394004284404,0.6,0.56,-0.04,-0.17,0.09,21,25,0.6587380770236564,13.47,16.26,2.79,1.0,1.0,0.9185221073991828
Qwen 3.5 2B,StrategyQA,SC3,100,0.46,0.54,0.08,-0.04,0.2,22,14,0.24298495403490966,0.5,0.59,0.09,-0.02,0.2,22,13,0.175465248990804,0.93,0.94,0.01,-0.05,0.07,6,5,1.0,47.83,49.17,1.34,0.494969350811853,0.6248582607945898,1.0
Qwen 3.5 2B,StrategyQA,SC5,100,0.61,0.55,-0.06,-0.16,0.04,11,17,0.34492845088243484,0.61,0.56,-0.05,-0.15,0.05,11,16,0.44206833839416504,0.98,0.99,0.01,-0.02,0.05,2,1,1.0,83.86,76.91,-6.95,0.6516777984229208,1.0,1.0
Qwen 3.5 2B,LogiQA,Zero,100,0.36,0.48,0.12,0.01,0.23,23,11,0.05761267291381955,0.36,0.48,0.12,0.01,0.23,23,11,0.05761267291381955,0.99,1.0,0.01,0.0,0.03,1,0,1.0,6.82,5.0,-1.82,0.13776943522869892,0.27160260087943505,1.0
Qwen 3.5 2B,LogiQA,CoT,100,0.0,0.46,0.46,0.36,0.56,46,0,2.842170943040401e-14,0.13,0.46,0.33,0.21,0.45,41,8,1.9646537765538596e-06,0.0,1.0,1.0,1.0,1.0,100,0,1.5777218104420236e-30,96.0,5.0,-91.0,4.137866520014701e-13,3.735911412376206e-05,2.0024930670994914e-29
Qwen 3.5 2B,LogiQA,FS0,100,0.0,0.5,0.5,0.4,0.6,50,0,1.7763568394002505e-15,0.11,0.5,0.39,0.27,0.51,46,7,4.003196174551249e-08,0.0,1.0,1.0,1.0,1.0,100,0,1.5777218104420236e-30,96.0,5.0,-91.0,3.517186542012496e-14,1.415415790287763e-06,2.0024930670994914e-29
Qwen 3.5 2B,LogiQA,FS1,100,0.0,0.41,0.41,0.32,0.51,41,0,9.094947017729282e-13,0.13,0.41,0.28,0.15,0.4,38,10,6.169640777642373e-05,0.03,1.0,0.97,0.93,1.0,97,0,1.262177448353619e-29,96.0,5.0,-91.0,1.000444171950221e-11,0.0008253978878197229,1.0589454863305785e-28
Qwen 3.5 2B,LogiQA,FS3,100,0.0,0.52,0.52,0.42,0.62,52,0,4.440892098500626e-16,0.1,0.52,0.42,0.3,0.54,48,6,3.2565301566478407e-09,0.0,0.99,0.99,0.97,1.0,99,0,3.1554436208840472e-30,96.0,6.82,-89.18,1.4654943925052066e-14,2.6343124253409247e-07,3.2540512340366737e-29
Qwen 3.5 2B,LogiQA,FS5,100,0.0,0.44,0.44,0.35,0.54,44,0,1.1368683772161603e-13,0.11,0.46,0.35,0.23,0.47,43,8,6.867117736675254e-07,0.0,0.87,0.87,0.8,0.93,87,0,1.2924697071141057e-26,96.0,26.84,-69.16,1.372560601760974e-12,1.7890648840285533e-05,7.108583389127582e-26
Qwen 3.5 2B,LogiQA,SC1,100,0.01,0.46,0.45,0.35,0.55,45,0,5.684341886080802e-14,0.13,0.46,0.33,0.21,0.45,40,7,1.0709118214435875e-06,0.02,1.0,0.98,0.95,1.0,98,0,6.310887241768095e-30,95.74,5.0,-90.74,7.034373084024992e-13,2.3047884852807645e-05,5.679798517591285e-29
Qwen 3.5 2B,LogiQA,SC3,100,0.0,0.56,0.56,0.46,0.65,56,0,2.7755575615628914e-17,0.12,0.56,0.44,0.32,0.56,51,7,2.4021645783633976e-09,0.02,1.0,0.98,0.95,1.0,98,0,6.310887241768095e-30,95.87333333333332,5.0,-90.87333333333332,2.2898349882893854e-15,2.3781429325797637e-07,5.679798517591285e-29
Qwen 3.5 2B,LogiQA,SC5,100,0.01,0.48,0.47,0.37,0.57,47,0,1.4210854715202004e-14,0.14,0.48,0.34,0.22,0.46,43,9,2.0377698612961126e-06,0.02,1.0,0.98,0.95,1.0,98,0,6.310887241768095e-30,95.73599999999999,5.0,-90.73599999999999,2.2691526077499972e-13,3.735911412376206e-05,5.679798517591285e-29
Qwen 3.5 2B,MBPP,Zero,100,0.02,0.24,0.22,0.13,0.31,24,2,1.049041748046875e-05,0.27,0.24,-0.03,-0.14,0.08,14,17,0.720100131817162,0.09,1.0,0.91,0.85,0.96,91,0,8.077935669463161e-28,314.92,80.02,-234.9,4.291534423828125e-05,1.0,4.936516242449709e-27
Qwen 3.5 2B,MBPP,CoT,100,0.24,0.29,0.05,-0.04,0.14,14,9,0.4048728942871094,0.3,0.29,-0.01,-0.11,0.09,12,13,1.0,0.46,1.0,0.54,0.44,0.64,54,0,1.1102230246251565e-16,369.94,81.42,-288.52,0.7343991276178674,1.0,3.271192840413408e-16
Qwen 3.5 2B,MBPP,FS0,100,0.0,0.1,0.1,0.04,0.16,10,0,0.001953125,0.4,0.25,-0.15,-0.26,-0.04,10,25,0.016673847800120715,0.0,0.47,0.47,0.37,0.57,47,0,1.4210854715202004e-14,302.0,76.62,-225.38,0.00604248046875,0.10316943326324693,3.974222081370052e-14
Qwen 3.5 2B,MBPP,FS1,100,0.22,0.16,-0.06,-0.15,0.03,8,14,0.28627872467041016,0.38,0.16,-0.22,-0.31,-0.13,2,24,1.049041748046875e-05,0.45,1.0,0.55,0.45,0.65,55,0,5.551115123125783e-17,297.42,76.06,-221.36,0.5668318748474122,0.00017309188842773438,1.6754890158215014e-16
Qwen 3.5 2B,MBPP,FS3,100,0.4,0.17,-0.23,-0.32,-0.14,2,25,5.647540092468262e-06,0.4,0.17,-0.23,-0.32,-0.14,2,25,5.647540092468262e-06,1.0,1.0,0.0,0.0,0.0,0,0,1.0,216.04,70.98,-145.06,2.389343885275034e-05,9.639766709557895e-05,1.0
Qwen 3.5 2B,MBPP,FS5,100,0.02,0.02,0.0,-0.04,0.04,2,2,1.0,0.37,0.25,-0.12,-0.21,-0.03,6,18,0.022655844688415527,0.04,0.06,0.02,-0.04,0.08,6,4,0.75390625,238.96,79.28,-159.68,1.0,0.13511618217789984,1.0
Qwen 3.5 2B,MBPP,SC1,100,0.2,0.23,0.03,-0.05,0.11,11,8,0.6476058959960938,0.25,0.23,-0.02,-0.11,0.07,10,12,0.8318119049072266,0.44,0.99,0.55,0.45,0.65,55,0,5.551115123125783e-17,331.8,61.03,-270.77,1.0,1.0,1.6754890158215014e-16
Qwen 3.5 2B,MBPP,SC3,100,0.16,0.27,0.11,0.02,0.21,18,7,0.043285250663757324,0.21,0.27,0.06,-0.03,0.15,14,8,0.28627872467041016,0.43,1.0,0.57,0.47,0.67,57,0,1.3877787807814457e-17,342.2966666666666,62.48333333333333,-279.81333333333333,0.10713099539279938,0.8144136132865116,4.3754808693427745e-17
Qwen 3.5 2B,MBPP,SC5,100,0.19,0.24,0.05,-0.04,0.14,14,9,0.4048728942871094,0.2,0.24,0.04,-0.05,0.13,14,10,0.5412561893463135,0.46,0.99,0.53,0.43,0.63,53,0,2.220446049250313e-16,341.73400000000004,60.942,-280.79200000000003,0.7343991276178674,1.0,6.46541643752297e-16
Qwen 3.5 4B,GSM8K,Zero,100,0.26,0.41,0.15,0.06,0.25,20,5,0.004077315330505371,0.26,0.42,0.16,0.07,0.25,21,5,0.002493917942047119,1.0,0.93,-0.07,-0.12,-0.03,0,7,0.015625,6.41,43.56,37.15,0.01187218287411858,0.023292252477609885,0.02694904181184669
Qwen 3.5 4B,GSM8K,CoT,100,0.7,0.66,-0.04,-0.15,0.07,14,18,0.5966148958541453,0.7,0.67,-0.03,-0.14,0.08,14,17,0.720100131817162,0.99,0.89,-0.1,-0.17,-0.04,1,11,0.00634765625,57.58,103.0,45.42,0.949596056102257,1.0,0.011467481181569343
Qwen 3.5 4B,GSM8K,FS0,100,0.1,0.71,0.61,0.52,0.7,61,0,8.673617379884035e-19,0.18,0.75,0.57,0.47,0.67,57,0,1.3877787807814457e-17,0.1,0.84,0.74,0.65,0.82,74,0,1.0587911840678754e-22,157.33,105.2,-52.13,4.2934406030425976e-16,6.869504964868156e-15,4.331418480277672e-22
Qwen 3.5 4B,GSM8K,FS1,100,0.09,0.48,0.39,0.29,0.49,41,2,2.1532287064474076e-10,0.14,0.48,0.34,0.24,0.44,37,3,1.946500560734421e-08,0.1,0.94,0.84,0.77,0.91,84,0,1.0339757656912846e-25,158.46,55.09,-103.37,1.6397664764484103e-09,8.029314813029487e-07,5.276474268218411e-25
Qwen 3.5 4B,GSM8K,FS3,100,0.11,0.32,0.21,0.11,0.31,25,4,0.00010371580719947815,0.19,0.32,0.13,0.03,0.23,21,8,0.0241195447742939,0.11,0.97,0.86,0.79,0.92,86,0,2.5849394142282115e-26,157.9,25.21,-132.69,0.0003693476587319546,0.14046087839147625,1.375854849508564e-25
Qwen 3.5 4B,GSM8K,FS5,100,0.13,0.32,0.19,0.09,0.28,23,4,0.000310748815536499,0.19,0.32,0.13,0.04,0.23,19,6,0.01463329792022705,0.13,0.95,0.82,0.74,0.89,82,0,4.1359030627651384e-25,157.27,30.73,-126.54,0.0010608321633832208,0.09168965152547329,2.0270019961076668e-24
Qwen 3.5 4B,GSM8K,SC1,100,0.62,0.61,-0.01,-0.12,0.1,15,16,1.0,0.62,0.66,0.04,-0.07,0.15,17,13,0.5846647117286922,0.97,0.86,-0.11,-0.19,-0.03,3,14,0.012725830078125,62.09,106.86,44.77,1.0,1.0,0.022497449602399553
Qwen 3.5 4B,GSM8K,SC3,100,0.71,0.76,0.05,-0.05,0.15,15,10,0.42435622215270996,0.71,0.76,0.05,-0.05,0.15,15,10,0.42435622215270996,1.0,0.97,-0.03,-0.07,0.0,0,3,0.25,185.62,319.65,134.03,0.7610736592956211,1.0,0.37844036697247707
Qwen 3.5 4B,GSM8K,SC5,100,0.74,0.79,0.05,-0.02,0.12,10,5,0.30175781249999994,0.74,0.79,0.05,-0.02,0.13,10,5,0.30175781249999994,1.0,0.95,-0.05,-0.1,-0.01,0,5,0.0625,297.48,537.48,240.0,0.5880713275098424,0.8398192613982135,0.10278239202657807
Qwen 3.5 4B,StrategyQA,Zero,100,0.59,0.72,0.13,0.01,0.25,26,13,0.05325191409792752,0.59,0.72,0.13,0.01,0.25,26,13,0.05325191409792752,1.0,1.0,0.0,0.0,0.0,0,0,1.0,4.0,4.0,0.0,0.12858389013889815,0.25591939299489436,1.0
Qwen 3.5 4B,StrategyQA,CoT,100,0.64,0.65,0.01,-0.1,0.12,17,16,1.0,0.64,0.75,0.11,0.01,0.21,19,8,0.052238985896110535,1.0,0.83,-0.17,-0.24,-0.1,0,17,1.52587890625e-05,4.0,25.92,21.92,1.0,0.2535127256723011,3.108271846064815e-05
Qwen 3.5 4B,StrategyQA,FS0,100,0.54,0.75,0.21,0.09,0.33,30,9,0.0010650196345523,0.65,0.75,0.1,-0.01,0.21,20,10,0.09873714670538905,0.82,1.0,0.18,0.11,0.26,18,0,7.62939453125e-06,3.46,4.0,0.54,0.0034456517588456765,0.41773408221510755,1.586785837381828e-05
Qwen 3.5 4B,StrategyQA,FS1,100,0.5,0.75,0.25,0.14,0.36,31,6,4.12575900554657e-05,0.63,0.75,0.12,0.02,0.22,21,9,0.042773945257067694,0.77,1.0,0.23,0.15,0.31,23,0,2.384185791015625e-07,3.31,4.0,0.69,0.0001558970005912635,0.2205531552317553,5.340144645034997e-07
Qwen 3.5 4B,StrategyQA,FS3,100,0.62,0.75,0.13,0.04,0.22,18,5,0.010622024536132812,0.62,0.75,0.13,0.04,0.22,18,5,0.010622024536132812,1.0,1.0,0.0,0.0,0.0,0,0,1.0,4.0,4.0,0.0,0.029874444007873535,0.07338265364523977,1.0
Qwen 3.5 4B,StrategyQA,FS5,100,0.64,0.8,0.16,0.05,0.27,25,9,0.00904118549078703,0.64,0.8,0.16,0.05,0.27,25,9,0.00904118549078703,1.0,1.0,0.0,0.0,0.0,0,0,1.0,4.0,4.0,0.0,0.02557363895965474,0.06486067852086347,1.0
Qwen 3.5 4B,StrategyQA,SC1,100,0.57,0.61,0.04,-0.1,0.18,27,23,0.6718110337653656,0.7,0.75,0.05,-0.07,0.17,20,15,0.4995598332025112,0.82,0.79,-0.03,-0.14,0.08,14,17,0.720100131817162,4.27,27.36,23.09,1.0,1.0,1.0
Qwen 3.5 4B,StrategyQA,SC3,100,0.64,0.7,0.06,-0.06,0.18,22,16,0.417692190836533,0.64,0.77,0.13,0.01,0.25,25,12,0.04703102743951604,1.0,0.93,-0.07,-0.12,-0.02,0,7,0.015625,12.28,78.95,66.67,0.7545899068032256,0.23755467941388203,0.02694904181184669
Qwen 3.5 4B,StrategyQA,SC5,100,0.63,0.71,0.08,-0.03,0.19,20,12,0.21532714972272515,0.63,0.71,0.08,-0.03,0.19,20,12,0.21532714972272515,1.0,0.99,-0.01,-0.03,0.0,0,1,1.0,22.05,138.68,116.63,0.44411224630312063,0.6921229812516165,1.0
Qwen 3.5 4B,LogiQA,Zero,100,0.54,0.56,0.02,-0.06,0.1,10,8,0.8145294189453125,0.55,0.56,0.01,-0.07,0.1,10,9,1.0,0.99,1.0,0.01,0.0,0.03,1,0,1.0,4.92,4.0,-0.92,1.0,1.0,1.0
Qwen 3.5 4B,LogiQA,CoT,100,0.09,0.54,0.45,0.35,0.55,45,0,5.684341886080802e-14,0.27,0.54,0.27,0.15,0.39,36,9,6.57466324582856e-05,0.18,1.0,0.82,0.74,0.89,82,0,4.1359030627651384e-25,79.44,4.0,-75.44,7.034373084024992e-13,0.0008564363964960888,2.0270019961076668e-24
Qwen 3.5 4B,LogiQA,FS0,100,0.55,0.56,0.01,-0.07,0.09,10,9,1.0,0.55,0.56,0.01,-0.07,0.1,10,9,1.0,1.0,1.0,0.0,0.0,0.0,0,0,1.0,4.0,4.0,0.0,1.0,1.0,1.0
Qwen 3.5 4B,LogiQA,FS1,100,0.55,0.56,0.01,-0.05,0.07,5,4,1.0,0.55,0.56,0.01,-0.05,0.07,5,4,1.0,0.99,0.99,0.0,0.0,0.0,0,0,1.0,4.0,4.0,0.0,1.0,1.0,1.0
Qwen 3.5 4B,LogiQA,FS3,100,0.48,0.5,0.02,-0.05,0.09,7,5,0.7744140625,0.5,0.52,0.02,-0.05,0.09,7,5,0.7744140625,0.92,0.92,0.0,0.0,0.0,0,0,1.0,7.59,7.69,0.1,1.0,1.0,1.0
Qwen 3.5 4B,LogiQA,FS5,100,0.0,0.0,0.0,0.0,0.0,0,0,1.0,0.22,0.22,0.0,0.0,0.0,0,0,1.0,0.0,0.0,0.0,0.0,0.0,0,0,1.0,9.0,20.0,11.0,1.0,1.0,1.0
Qwen 3.5 4B,LogiQA,SC1,100,0.08,0.54,0.46,0.36,0.57,48,2,2.2666313270747196e-12,0.29,0.54,0.25,0.12,0.38,37,12,0.0004697573180081349,0.16,1.0,0.84,0.76,0.91,84,0,1.0339757656912846e-25,81.28,4.0,-77.28,2.289760218167319e-11,0.005167330498089484,5.276474268218411e-25
Qwen 3.5 4B,LogiQA,SC3,100,0.11,0.52,0.41,0.3,0.52,45,4,8.225455871979648e-10,0.26,0.52,0.26,0.13,0.39,39,13,0.0004095414537825804,0.4,1.0,0.6,0.5,0.69,60,0,1.734723475976807e-18,232.8,12.0,-220.8,5.816572366614179e-09,0.00460734135505403,5.612340657572023e-18
Qwen 3.5 4B,LogiQA,SC5,100,0.17,0.51,0.34,0.22,0.46,41,7,6.240408438884516e-07,0.29,0.51,0.22,0.09,0.35,36,14,0.0026021714567221466,0.45,1.0,0.55,0.45,0.65,55,0,5.551115123125783e-17,390.74,20.0,-370.74,3.0584179972750847e-06,0.023853238353286343,1.6754890158215014e-16
Qwen 3.5 4B,MBPP,Zero,100,0.0,0.02,0.02,0.0,0.05,2,0,0.5,0.0,0.02,0.02,0.0,0.05,2,0,0.5,0.85,0.99,0.14,0.07,0.22,15,1,0.000518798828125,124.44,54.68,-69.76,0.8333333333333334,1.0,0.0009915267178450772
Qwen 3.5 4B,MBPP,CoT,100,0.01,0.03,0.02,-0.02,0.06,3,1,0.625,0.01,0.03,0.02,-0.02,0.06,3,1,0.625,0.86,1.0,0.14,0.08,0.21,14,0,0.0001220703125,116.48,53.17,-63.31,0.9792295653873461,1.0,0.00024169921875
Qwen 3.5 4B,MBPP,FS0,100,0.0,0.03,0.03,0.0,0.07,3,0,0.25,0.0,0.03,0.03,0.0,0.07,3,0,0.25,0.8,1.0,0.2,0.12,0.28,20,0,1.9073486328125e-06,134.9,50.74,-84.16,0.5030487804878049,0.7545731707317073,4.122871498874181e-06
Qwen 3.5 4B,MBPP,FS1,100,0.01,0.01,0.0,-0.03,0.03,1,1,1.0,0.01,0.01,0.0,-0.03,0.03,1,1,1.0,0.9,1.0,0.1,0.05,0.16,10,0,0.001953125,77.89,51.4,-26.49,1.0,1.0,0.0036209620786516856
Qwen 3.5 4B,MBPP,FS3,100,0.01,0.01,0.0,-0.03,0.03,1,1,1.0,0.01,0.01,0.0,-0.03,0.03,1,1,1.0,0.94,0.98,0.04,0.0,0.09,5,1,0.21875,70.59,54.22,-16.37,1.0,1.0,0.3405070754716981
Qwen 3.5 4B,MBPP,FS5,100,0.0,0.0,0.0,0.0,0.0,0,0,1.0,0.0,0.0,0.0,0.0,0.0,0,0,1.0,0.0,0.02,0.02,0.0,0.05,2,0,0.5,6.2,16.63,10.43,1.0,1.0,0.7112068965517241
Qwen 3.5 4B,MBPP,SC1,100,0.0,0.01,0.01,0.0,0.03,1,0,1.0,0.0,0.01,0.01,0.0,0.03,1,0,1.0,0.77,0.98,0.21,0.13,0.3,22,1,5.7220458984375e-06,131.18,59.26,-71.92,1.0,1.0,1.200174881240069e-05
Qwen 3.5 4B,MBPP,SC3,100,0.0,0.0,0.0,0.0,0.0,0,0,1.0,0.0,0.0,0.0,0.0,0.0,0,0,1.0,0.93,1.0,0.07,0.03,0.12,7,0,0.015625,393.57,168.34,-225.23,1.0,1.0,0.02694904181184669
Qwen 3.5 4B,MBPP,SC5,100,0.0,0.02,0.02,0.0,0.05,2,0,0.5,0.0,0.02,0.02,0.0,0.05,2,0,0.5,0.95,1.0,0.05,0.01,0.1,5,0,0.0625,637.35,281.3,-356.05,0.8333333333333334,1.0,0.10278239202657807
